,Unnamed: 0,Data,prec,dir,velmedia,racha,horaracha,tmed,tmin,horatmin,tmax,horatmax,Any,Mes,Dia
0,0,2017-01-01,0.0,28.0,1.9,6.1,20:00,,,,,,2017,01,01
1,1,2017-01-02,0.0,22.0,2.2,9.4,14:30,,,,,,2017,01,02
2,2,2017-01-03,0.0,34.0,2.8,7.2,08:10,,,,,,2017,01,03
3,3,2017-01-04,0.0,27.0,2.2,6.7,15:10,,,,,,2017,01,04
4,4,2017-01-05,0.0,34.0,1.7,7.5,10:00,,,,,,2017,01,05
5,5,2017-01-06,0.0,34.0,2.5,6.1,07:40,,,,,,2017,01,06
6,6,2017-01-07,0.0,99.0,1.9,6.1,Varias,,,,,,2017,01,07
7,7,2017-01-08,0.0,35.0,1.4,5.8,23:30,,,,,,2017,01,08
8,8,2017-01-09,0.0,22.0,2.2,7.5,13:20,,,,,,2017,01,09
9,9,2017-01-10,0.0,7.0,2.8,7.8,16:40,,,,,,2017,01,10
10,10,2017-01-11,0.0,21.0,4.2,9.4,16:00,,,,,,2017,01,11
11,11,2017-01-12,0.0,26.0,2.8,10.3,15:40,,,,,,2017,01,12
12,12,2017-01-13,0.0,30.0,5.8,18.3,06:50,,,,,,2017,01,13
13,13,2017-01-14,0.0,34.0,3.1,11.4,10:50,,,,,,2017,01,14
14,14,2017-01-15,0.0,34.0,3.1,11.7,14:20,,,,,,2017,01,15
15,15,2017-01-16,0.0,14.0,3.1,14.2,16:20,,,,,,2017,01,16
16,16,2017-01-17,0.0,10.0,3.1,17.2,02:30,,,,,,2017,01,17
17,17,2017-01-18,0.0,36.0,1.1,6.7,09:40,,,,,,2017,01,18
18,18,2017-01-19,0.0,7.0,8.9,21.4,21:10,,,,,,2017,01,19
19,19,2017-01-20,2.6,8.0,9.2,20.0,00:30,,,,,,2017,01,20
20,20,2017-01-21,0.0,4.0,7.5,18.3,14:30,,,,,,2017,01,21
21,21,2017-01-22,5.8,2.0,6.7,16.4,05:10,,,,,,2017,01,22
22,22,2017-01-23,1.9,9.0,2.5,15.8,03:00,,,,,,2017,01,23
23,23,2017-01-24,0.0,34.0,2.5,7.5,09:30,,,,,,2017,01,24
24,24,2017-01-25,0.8,8.0,6.1,13.9,18:10,,,,,,2017,01,25
25,25,2017-01-26,0.2,34.0,2.2,6.4,07:40,,,,,,2017,01,26
26,26,2017-01-27,8.1,9.0,3.6,12.5,21:10,,,,,,2017,01,27
27,27,2017-01-28,0.1,9.0,2.5,9.7,02:10,,,,,,2017,01,28
28,28,2017-01-29,0.0,25.0,3.6,9.7,15:40,,,,,,2017,01,29
29,29,2017-01-30,0.0,19.0,1.9,5.8,15:40,,,,,,2017,01,30
30,30,2017-01-31,0.0,21.0,3.3,8.6,14:10,,,,,,2017,01,31
31,31,2017-02-01,0.0,21.0,1.9,7.8,15:40,,,,,,2017,02,01
32,32,2017-02-02,0.0,25.0,3.6,13.9,19:30,,,,,,2017,02,02
33,33,2017-02-03,0.0,25.0,2.8,14.4,14:00,,,,,,2017,02,03
34,34,2017-02-04,0.0,26.0,5.0,18.3,04:20,,,,,,2017,02,04
35,35,2017-02-05,0.1,30.0,6.7,22.5,20:40,,,,,,2017,02,05
36,36,2017-02-06,0.0,32.0,5.6,19.2,04:30,,,,,,2017,02,06
37,37,2017-02-07,7.3,11.0,1.9,18.1,23:10,,,,,,2017,02,07
38,38,2017-02-08,0.0,8.0,2.8,13.9,00:30,,,,,,2017,02,08
39,39,2017-02-09,0.0,22.0,3.1,7.2,16:50,,,,,,2017,02,09
40,40,2017-02-10,0.0,14.0,2.5,4.7,12:50,,,,,,2017,02,10
41,41,2017-02-11,0.0,10.0,6.7,12.8,20:00,,,,,,2017,02,11
42,42,2017-02-12,0.0,7.0,9.4,14.7,Varias,,,,,,2017,02,12
43,43,2017-02-13,4.6,8.0,9.4,18.1,09:00,,,,,,2017,02,13
44,44,2017-02-14,0.1,15.0,3.6,9.4,00:20,,,,,,2017,02,14
45,45,2017-02-15,0.0,10.0,3.6,8.6,11:40,,,,,,2017,02,15
46,46,2017-02-16,0.0,19.0,1.9,5.3,15:30,,,,,,2017,02,16
47,47,2017-02-17,0.0,20.0,3.6,8.3,12:50,,,,,,2017,02,17
48,48,2017-02-18,0.0,2.0,2.5,5.3,08:10,,,,,,2017,02,18
49,49,2017-02-19,0.0,11.0,3.9,7.2,Varias,,,,,,2017,02,19
50,50,2017-02-20,0.0,26.0,1.4,7.8,11:50,,,,,,2017,02,20
51,51,2017-02-21,0.0,19.0,2.2,6.9,15:00,,,,,,2017,02,21
52,52,2017-02-22,0.0,19.0,3.1,7.8,14:40,,,,,,2017,02,22
53,53,2017-02-23,0.8,22.0,3.1,9.2,19:40,,,,,,2017,02,23
54,54,2017-02-24,3.8,8.0,2.2,9.2,02:20,,,,,,2017,02,24
55,55,2017-02-25,0.0,32.0,2.5,6.7,06:10,,,,,,2017,02,25
56,56,2017-02-26,0.0,22.0,3.3,10.3,16:30,,,,,,2017,02,26
57,57,2017-02-27,0.0,21.0,4.7,10.8,14:30,,,,,,2017,02,27
58,58,2017-02-28,0.0,27.0,4.2,15.3,15:00,,,,,,2017,02,28
59,59,2017-03-01,0.0,21.0,3.6,11.1,17:00,,,,,,2017,03,01
60,60,2017-03-02,0.0,19.0,3.9,8.1,12:50,,,,,,2017,03,02
61,61,2017-03-03,10.2,8.0,4.4,12.2,22:10,,,,,,2017,03,03
62,62,2017-03-04,0.0,29.0,5.3,19.7,02:50,,,,,,2017,03,04
63,63,2017-03-05,0.0,24.0,4.2,13.1,14:10,,,,,,2017,03,05
64,64,2017-03-06,0.0,30.0,5.0,16.7,19:40,,,,,,2017,03,06
65,65,2017-03-07,0.0,24.0,3.6,9.7,00:40,,,,,,2017,03,07
66,66,2017-03-08,0.0,20.0,3.3,7.8,11:50,,,,,,2017,03,08
67,67,2017-03-09,0.0,99.0,1.7,4.2,Varias,,,,,,2017,03,09
68,68,2017-03-10,0.0,20.0,3.6,7.5,13:20,,,,,,2017,03,10
69,69,2017-03-11,0.0,1.0,2.2,5.6,03:30,,,,,,2017,03,11
70,70,2017-03-12,0.0,22.0,3.6,8.9,13:20,,,,,,2017,03,12
71,71,2017-03-13,0.0,9.0,8.6,18.9,17:20,,,,,,2017,03,13
72,72,2017-03-14,0.0,7.0,2.5,7.8,19:20,,,,,,2017,03,14
73,73,2017-03-15,0.0,20.0,2.5,4.7,11:40,,,,,,2017,03,15
74,74,2017-03-16,0.0,19.0,2.8,6.7,15:10,,,,,,2017,03,16
75,75,2017-03-17,0.0,20.0,2.8,9.4,13:20,,,,,,2017,03,17
76,76,2017-03-18,0.0,8.0,1.7,5.6,16:40,,,,,,2017,03,18
77,77,2017-03-19,0.0,19.0,2.5,7.5,14:40,,,,,,2017,03,19
78,78,2017-03-20,0.0,20.0,1.4,5.8,11:20,,,,,,2017,03,20
79,79,2017-03-21,0.0,99.0,3.1,7.8,21:40,,,,,,2017,03,21
80,80,2017-03-22,0.0,22.0,3.1,10.6,14:10,,,,,,2017,03,22
81,81,2017-03-23,0.0,36.0,3.3,10.8,06:30,,,,,,2017,03,23
82,82,2017-03-24,81.9,25.0,2.8,11.1,22:00,,,,,,2017,03,24
83,83,2017-03-25,0.0,30.0,2.5,13.3,03:00,,,,,,2017,03,25
84,84,2017-03-26,0.0,20.0,2.8,7.5,14:40,,,,,,2017,03,26
85,85,2017-03-27,0.7,7.0,5.0,10.3,07:50,,,,,,2017,03,27
86,86,2017-03-28,0.0,14.0,3.1,5.3,12:20,,,,,,2017,03,28
87,87,2017-03-29,0.0,19.0,2.8,6.4,14:30,,,,,,2017,03,29
88,88,2017-03-30,0.0,20.0,3.3,8.9,12:40,,,,,,2017,03,30
89,89,2017-03-31,0.5,24.0,2.2,9.2,19:00,,,,,,2017,03,31
90,90,2017-04-01,4.9,9.0,2.8,9.2,08:30,,,,,,2017,04,01
91,91,2017-04-02,1.2,20.0,3.1,8.9,17:40,,,,,,2017,04,02
92,92,2017-04-03,0.0,20.0,3.3,8.3,12:10,,,,,,2017,04,03
93,93,2017-04-04,0.0,22.0,3.6,11.1,15:50,,,,,,2017,04,04
94,94,2017-04-05,1.4,24.0,2.5,9.4,19:50,,,,,,2017,04,05
95,95,2017-04-06,0.0,7.0,3.3,7.5,17:00,,,,,,2017,04,06
96,96,2017-04-07,0.0,19.0,2.8,6.9,11:00,,,,,,2017,04,07
97,97,2017-04-08,0.0,20.0,3.1,7.8,11:50,,,,,,2017,04,08
98,98,2017-04-09,0.0,19.0,3.6,8.3,13:10,,,,,,2017,04,09
99,99,2017-04-10,0.0,22.0,3.3,12.5,12:40,,,,,,2017,04,10
100,100,2017-04-11,0.0,11.0,2.8,11.1,12:20,,,,,,2017,04,11
101,101,2017-04-12,0.0,22.0,2.8,5.6,19:30,,,,,,2017,04,12
102,102,2017-04-13,0.0,19.0,2.8,7.5,12:20,,,,,,2017,04,13
103,103,2017-04-14,0.0,24.0,1.4,4.7,01:00,,,,,,2017,04,14
104,104,2017-04-15,0.0,18.0,3.1,7.5,19:10,,,,,,2017,04,15
105,105,2017-04-16,0.0,21.0,3.9,10.3,16:20,,,,,,2017,04,16
106,106,2017-04-17,0.0,20.0,3.6,8.9,14:20,,,,,,2017,04,17
107,107,2017-04-18,0.0,11.0,2.8,11.7,23:50,,,,,,2017,04,18
108,108,2017-04-19,0.0,10.0,5.0,14.2,00:50,,,,,,2017,04,19
109,109,2017-04-20,0.0,9.0,5.8,13.3,08:50,,,,,,2017,04,20
110,110,2017-04-21,0.0,18.0,3.9,7.8,14:40,,,,,,2017,04,21
111,111,2017-04-22,0.0,22.0,4.7,13.9,14:50,,,,,,2017,04,22
112,112,2017-04-23,0.0,20.0,2.8,7.5,15:40,,,,,,2017,04,23
113,113,2017-04-24,0.0,19.0,3.1,7.8,10:10,,,,,,2017,04,24
114,114,2017-04-25,0.3,20.0,3.9,11.1,15:30,,,,,,2017,04,25
115,115,2017-04-26,14.4,9.0,6.9,13.1,05:10,,,,,,2017,04,26
116,116,2017-04-27,5.8,33.0,2.2,7.2,09:00,,,,,,2017,04,27
117,117,2017-04-28,0.0,19.0,3.3,7.8,12:40,,,,,,2017,04,28
118,118,2017-04-29,0.2,22.0,4.7,12.5,15:00,,,,,,2017,04,29
119,119,2017-04-30,0.4,22.0,5.6,13.3,09:20,,,,,,2017,04,30
120,120,2017-05-01,0.0,12.0,2.8,11.7,01:10,,,,,,2017,05,01
121,121,2017-05-02,0.0,22.0,3.3,12.2,14:00,,,,,,2017,05,02
122,122,2017-05-03,0.5,8.0,3.1,6.1,00:10,,,,,,2017,05,03
123,123,2017-05-04,0.0,19.0,3.6,8.3,13:00,,,,,,2017,05,04
124,124,2017-05-05,0.0,8.0,7.8,12.2,15:20,,,,,,2017,05,05
125,125,2017-05-06,0.0,30.0,5.0,13.9,08:20,,,,,,2017,05,06
126,126,2017-05-07,0.0,11.0,2.8,12.5,12:00,,,,,,2017,05,07
127,127,2017-05-08,0.0,19.0,2.5,6.1,12:20,,,,,,2017,05,08
128,128,2017-05-09,0.1,14.0,3.3,6.4,13:50,,,,,,2017,05,09
129,129,2017-05-10,0.3,7.0,4.4,9.4,23:59,,,,,,2017,05,10
130,130,2017-05-11,8.7,24.0,5.0,10.8,13:40,,,,,,2017,05,11
131,131,2017-05-12,0.0,25.0,5.3,14.7,15:40,,,,,,2017,05,12
132,132,2017-05-13,0.0,22.0,4.2,13.1,14:50,,,,,,2017,05,13
133,133,2017-05-14,0.0,8.0,1.7,5.0,07:30,,,,,,2017,05,14
134,134,2017-05-15,0.0,21.0,1.4,5.3,16:00,,,,,,2017,05,15
135,135,2017-05-16,0.0,11.0,1.9,6.7,12:40,,,,,,2017,05,16
136,136,2017-05-17,0.0,13.0,1.9,5.0,12:00,,,,,,2017,05,17
137,137,2017-05-18,0.1,28.0,3.3,8.9,21:50,,,,,,2017,05,18
138,138,2017-05-19,0.0,8.0,4.7,14.2,23:10,,,,,,2017,05,19
139,139,2017-05-20,0.0,99.0,3.9,10.3,00:10,,,,,,2017,05,20
140,140,2017-05-21,0.0,24.0,4.2,11.4,17:10,,,,,,2017,05,21
141,141,2017-05-22,0.0,19.0,3.3,8.6,11:50,,,,,,2017,05,22
142,142,2017-05-23,0.0,20.0,4.2,7.8,17:30,,,,,,2017,05,23
143,143,2017-05-24,0.0,20.0,3.9,9.7,16:10,,,,,,2017,05,24
144,144,2017-05-25,0.0,20.0,3.9,10.0,14:00,,,,,,2017,05,25
145,145,2017-05-26,0.0,8.0,4.7,7.8,22:10,,,,,,2017,05,26
146,146,2017-05-27,0.0,8.0,3.1,8.1,00:20,,,,,,2017,05,27
147,147,2017-05-28,0.0,10.0,2.5,5.0,10:00,,,,,,2017,05,28
148,148,2017-05-29,2.0,8.0,1.7,5.0,23:20,,,,,,2017,05,29
149,149,2017-05-30,0.6,33.0,3.1,7.8,09:40,,,,,,2017,05,30
150,150,2017-05-31,0.0,12.0,2.2,5.6,14:20,,,,,,2017,05,31
151,151,2017-06-01,0.0,17.0,2.8,5.6,12:10,,,,,,2017,06,01
152,152,2017-06-02,0.0,25.0,3.3,7.5,20:50,,,,,,2017,06,02
153,153,2017-06-03,0.0,7.0,3.3,11.9,21:00,,,,,,2017,06,03
154,154,2017-06-04,2.1,7.0,3.6,10.8,23:50,,,,,,2017,06,04
155,155,2017-06-05,0.0,22.0,3.6,12.2,17:40,,,,,,2017,06,05
156,156,2017-06-06,0.0,10.0,4.2,11.7,15:20,,,,,,2017,06,06
157,157,2017-06-07,0.0,19.0,4.4,7.2,17:10,,,,,,2017,06,07
158,158,2017-06-08,0.2,20.0,5.0,10.3,Varias,,,,,,2017,06,08
159,159,2017-06-09,0.6,8.0,2.5,7.2,05:30,,,,,,2017,06,09
160,160,2017-06-10,0.0,20.0,3.6,8.3,13:10,,,,,,2017,06,10
161,161,2017-06-11,0.0,20.0,3.1,7.5,13:00,,,,,,2017,06,11
162,162,2017-06-12,0.0,6.0,2.5,5.8,08:40,,,,,,2017,06,12
163,163,2017-06-13,0.0,20.0,3.6,8.1,14:00,,,,,,2017,06,13
164,164,2017-06-14,0.2,20.0,4.2,8.9,14:30,25.0,22.0,04:40,28.0,14:20,2017,06,14
165,165,2017-06-15,0.0,20.0,2.8,6.9,14:00,24.8,22.5,00:50,27.2,15:30,2017,06,15
166,166,2017-06-16,0.0,24.0,4.4,9.2,16:40,26.3,23.3,03:20,29.3,17:00,2017,06,16
167,167,2017-06-17,0.0,7.0,3.1,5.6,06:10,26.2,24.3,05:10,28.0,11:30,2017,06,17
168,168,2017-06-18,0.0,20.0,4.2,6.9,13:50,25.2,22.6,23:59,27.8,11:50,2017,06,18
169,169,2017-06-19,0.0,99.0,4.2,5.8,12:50,24.7,22.1,04:30,27.3,14:00,2017,06,19
170,170,2017-06-20,0.0,20.0,5.6,11.4,12:40,25.6,23.8,04:50,27.4,17:50,2017,06,20
171,171,2017-06-21,0.0,20.0,3.3,10.3,11:40,26.2,23.4,04:40,29.1,13:00,2017,06,21
172,172,2017-06-22,0.0,22.0,5.0,11.9,15:40,26.0,23.3,04:10,28.6,14:50,2017,06,22
173,173,2017-06-23,0.0,22.0,5.6,13.3,17:00,26.4,24.5,11:50,28.4,08:00,2017,06,23
174,174,2017-06-24,0.6,99.0,5.0,10.8,15:40,25.1,22.8,04:50,27.4,11:00,2017,06,24
175,175,2017-06-25,1.0,7.0,2.2,7.8,01:50,24.6,21.2,02:20,27.9,12:20,2017,06,25
176,176,2017-06-26,0.0,22.0,2.2,7.5,06:30,25.5,22.4,02:50,28.6,14:20,2017,06,26
177,177,2017-06-27,0.0,5.0,2.5,6.4,01:00,25.0,22.6,04:30,27.3,09:50,2017,06,27
178,178,2017-06-28,0.3,26.0,3.6,18.3,17:40,25.4,20.2,23:59,30.5,13:30,2017,06,28
179,179,2017-06-29,4.9,21.0,4.2,14.7,13:50,23.2,19.5,04:00,27.0,Varias,2017,06,29
180,180,2017-06-30,0.0,19.0,5.3,12.5,13:00,22.0,16.6,04:40,27.3,16:00,2017,06,30
181,181,2017-07-01,0.0,28.0,4.2,7.8,06:40,20.8,17.9,06:00,23.6,14:50,2017,07,01
182,182,2017-07-02,0.0,32.0,4.7,8.6,06:40,21.2,18.2,04:50,24.2,16:20,2017,07,02
183,183,2017-07-03,0.0,20.0,4.2,9.7,Varias,22.8,19.6,04:40,26.0,17:00,2017,07,03
184,184,2017-07-04,0.0,20.0,4.2,8.1,13:10,23.0,20.4,04:30,25.7,08:10,2017,07,04
185,185,2017-07-05,0.0,12.0,3.1,7.2,20:30,23.8,20.4,04:40,27.1,15:40,2017,07,05
186,186,2017-07-06,0.0,13.0,3.3,6.4,14:10,23.9,21.1,03:30,26.7,09:00,2017,07,06
187,187,2017-07-07,0.0,13.0,3.9,8.1,11:50,24.4,22.3,04:30,26.5,07:30,2017,07,07
188,188,2017-07-08,0.0,10.0,7.5,13.6,17:50,25.4,23.4,23:59,27.3,08:40,2017,07,08
189,189,2017-07-09,0.0,8.0,4.4,8.9,18:40,25.8,23.0,03:00,28.6,09:20,2017,07,09
190,190,2017-07-10,0.0,99.0,2.2,5.6,09:40,25.2,22.5,04:50,27.8,13:10,2017,07,10
191,191,2017-07-11,0.0,8.0,3.1,8.3,01:40,25.4,23.3,04:00,27.5,13:50,2017,07,11
192,192,2017-07-12,0.0,18.0,4.2,11.9,07:50,25.7,23.4,04:40,28.0,15:30,2017,07,12
193,193,2017-07-13,0.0,20.0,5.0,11.9,12:10,25.6,24.1,03:00,27.1,09:00,2017,07,13
194,194,2017-07-14,0.0,99.0,4.2,7.8,Varias,25.0,24.2,11:00,25.8,09:10,2017,07,14
195,195,2017-07-15,0.0,19.0,3.6,8.3,16:40,25.6,23.2,04:00,28.1,13:30,2017,07,15
196,196,2017-07-16,0.0,14.0,3.6,7.8,11:00,26.1,24.3,04:30,27.9,14:40,2017,07,16
197,197,2017-07-17,0.0,11.0,3.9,6.4,Varias,26.0,23.5,04:50,28.4,15:40,2017,07,17
198,198,2017-07-18,0.0,20.0,3.9,9.2,13:00,25.7,23.2,04:40,28.2,10:20,2017,07,18
199,199,2017-07-19,0.0,12.0,4.2,8.9,10:40,26.2,24.2,04:30,28.3,14:30,2017,07,19
200,200,2017-07-20,0.0,8.0,8.1,14.4,08:40,25.1,23.8,23:59,26.4,07:40,2017,07,20
201,201,2017-07-21,0.0,10.0,2.8,7.5,00:10,25.8,23.2,03:30,28.5,10:00,2017,07,21
202,202,2017-07-22,0.0,99.0,3.6,7.8,16:50,25.0,22.5,05:00,27.5,11:50,2017,07,22
203,203,2017-07-23,3.2,23.0,2.5,11.1,17:10,25.0,22.0,23:59,27.9,08:40,2017,07,23
204,204,2017-07-24,0.0,13.0,3.9,11.7,14:00,24.3,21.1,04:00,27.5,13:00,2017,07,24
205,205,2017-07-25,0.6,22.0,5.3,11.1,14:00,23.6,21.8,23:00,25.5,09:20,2017,07,25
206,206,2017-07-26,0.0,32.0,3.3,10.3,03:30,23.4,21.2,04:50,25.5,10:40,2017,07,26
207,207,2017-07-27,0.0,21.0,4.2,9.4,13:50,24.6,21.5,05:00,27.8,16:30,2017,07,27
208,208,2017-07-28,0.0,99.0,3.1,7.5,Varias,26.1,24.2,23:59,28.0,11:00,2017,07,28
209,209,2017-07-29,0.0,13.0,2.5,5.8,12:40,25.8,22.8,04:50,28.8,14:10,2017,07,29
210,210,2017-07-30,0.0,9.0,3.1,7.8,15:20,26.4,23.7,05:00,29.1,11:50,2017,07,30
211,211,2017-07-31,0.0,9.0,6.1,11.4,08:20,25.6,24.2,04:00,27.1,12:20,2017,07,31
212,212,2017-08-01,0.5,8.0,6.4,10.3,03:20,26.0,24.6,04:00,27.5,12:50,2017,08,01
213,213,2017-08-02,0.0,10.0,2.5,7.2,10:50,27.9,24.5,05:00,31.3,17:20,2017,08,02
214,214,2017-08-03,0.0,12.0,3.6,10.0,08:50,29.0,24.8,11:40,33.3,08:30,2017,08,03
215,215,2017-08-04,0.0,20.0,3.1,6.9,13:10,28.0,25.3,01:00,30.8,11:40,2017,08,04
216,216,2017-08-05,0.1,21.0,4.7,10.8,13:50,28.6,26.0,04:50,31.3,14:50,2017,08,05
217,217,2017-08-06,0.0,20.0,3.6,7.5,15:20,27.1,25.3,20:50,28.9,09:20,2017,08,06
218,218,2017-08-07,0.0,21.0,4.4,10.8,13:30,26.3,24.9,04:00,27.7,15:10,2017,08,07
219,219,2017-08-08,2.8,8.0,5.3,17.5,08:30,24.8,22.5,23:59,27.0,04:30,2017,08,08
220,220,2017-08-09,1.7,9.0,4.7,10.8,16:30,,,,,,2017,08,09
221,221,2017-08-10,0.0,20.0,4.7,12.5,16:10,22.0,18.6,06:00,25.3,12:00,2017,08,10
222,222,2017-08-11,0.0,12.0,6.1,12.2,19:30,21.8,19.0,06:40,24.5,09:50,2017,08,11
223,223,2017-08-12,0.0,12.0,3.9,9.2,10:20,22.8,20.5,06:00,25.1,09:40,2017,08,12
224,224,2017-08-13,0.0,20.0,3.9,8.6,16:10,23.4,20.2,05:00,26.7,12:30,2017,08,13
225,225,2017-08-14,0.0,20.0,4.4,9.7,11:30,24.6,22.2,05:00,27.0,09:00,2017,08,14
226,226,2017-08-15,0.0,10.0,3.1,7.5,11:10,24.8,21.7,05:30,27.8,13:20,2017,08,15
227,227,2017-08-16,0.0,8.0,3.6,8.9,02:20,25.2,23.3,05:20,27.1,14:50,2017,08,16
228,228,2017-08-17,0.0,20.0,3.1,9.4,13:30,25.6,23.0,05:20,28.2,08:10,2017,08,17
229,229,2017-08-18,0.0,21.0,4.4,11.1,17:30,26.6,23.8,04:50,29.5,08:40,2017,08,18
230,230,2017-08-19,0.0,11.0,3.9,8.1,08:10,25.5,24.1,22:30,26.9,12:30,2017,08,19
231,231,2017-08-20,0.0,13.0,3.6,8.3,07:50,25.4,24.1,01:50,26.6,13:10,2017,08,20
232,232,2017-08-21,0.0,12.0,3.1,7.8,15:10,25.0,22.4,05:30,27.7,14:00,2017,08,21
233,233,2017-08-22,0.0,21.0,4.2,10.8,15:40,25.0,22.7,05:30,27.4,16:30,2017,08,22
234,234,2017-08-23,0.0,22.0,3.3,10.0,15:40,26.2,23.6,04:20,28.8,15:50,2017,08,23
235,235,2017-08-24,0.0,19.0,4.4,9.4,12:20,26.5,24.3,05:50,28.7,10:00,2017,08,24
236,236,2017-08-25,0.0,10.0,3.3,6.4,17:50,25.9,22.5,05:50,29.3,14:30,2017,08,25
237,237,2017-08-26,0.0,99.0,3.3,5.8,Varias,26.2,23.6,05:40,28.8,13:00,2017,08,26
238,238,2017-08-27,0.0,34.0,3.1,8.6,18:40,26.2,24.1,04:00,28.3,12:20,2017,08,27
239,239,2017-08-28,0.0,23.0,2.8,6.1,21:50,26.8,24.6,04:00,28.9,11:50,2017,08,28
240,240,2017-08-29,0.1,21.0,3.3,12.8,13:40,28.4,25.3,05:40,31.4,12:30,2017,08,29
241,241,2017-08-30,0.9,25.0,3.9,13.6,01:40,25.2,23.1,04:00,27.4,00:20,2017,08,30
242,242,2017-08-31,10.7,10.0,5.6,13.3,17:10,22.4,20.3,10:20,24.5,00:10,2017,08,31
243,243,2017-09-01,0.0,19.0,3.3,9.2,13:20,22.4,20.1,03:00,24.7,10:00,2017,09,01
244,244,2017-09-02,0.0,14.0,4.4,13.1,00:40,21.4,18.8,05:00,24.0,13:40,2017,09,02
245,245,2017-09-03,0.7,12.0,3.6,8.6,16:30,23.0,19.7,05:40,26.2,15:10,2017,09,03
246,246,2017-09-04,0.0,9.0,4.2,8.9,11:10,23.0,20.8,04:00,25.3,13:30,2017,09,04
247,247,2017-09-05,0.0,21.0,4.2,10.3,16:40,23.9,20.8,04:30,27.0,16:00,2017,09,05
248,248,2017-09-06,5.4,12.0,4.7,12.8,23:10,24.5,21.3,23:20,27.7,10:50,2017,09,06
249,249,2017-09-07,0.0,19.0,3.9,8.9,14:50,22.2,20.2,07:00,24.3,12:10,2017,09,07
250,250,2017-09-08,0.0,13.0,3.9,10.3,07:50,22.2,20.1,04:50,24.2,12:20,2017,09,08
251,251,2017-09-09,10.0,8.0,5.3,16.4,12:00,21.0,17.1,23:59,24.8,09:20,2017,09,09
252,252,2017-09-10,0.0,8.0,5.3,12.2,16:50,21.0,15.8,06:00,26.1,15:10,2017,09,10
253,253,2017-09-11,0.7,8.0,5.6,10.3,18:40,,,,,,2017,09,11
254,254,2017-09-12,1.6,12.0,3.3,12.8,01:00,21.7,20.2,06:30,23.2,,2017,09,12
255,255,2017-09-13,0.0,22.0,4.7,13.6,15:40,22.8,19.4,03:00,26.1,13:00,2017,09,13
256,256,2017-09-14,5.1,10.0,5.0,14.7,15:30,21.4,17.2,23:59,25.7,14:40,2017,09,14
257,257,2017-09-15,3.3,2.0,2.5,6.9,07:00,15.8,14.4,15:00,17.3,00:30,2017,09,15
258,258,2017-09-16,0.0,99.0,3.3,8.6,Varias,17.4,13.5,04:40,21.2,12:30,2017,09,16
259,259,2017-09-17,3.2,21.0,5.0,12.8,12:40,18.4,13.9,05:20,23.0,12:00,2017,09,17
260,260,2017-09-18,0.5,8.0,6.7,10.6,06:40,19.2,17.7,01:40,20.7,15:30,2017,09,18
261,261,2017-09-19,0.0,13.0,3.9,8.1,13:30,20.0,17.3,07:10,22.6,14:50,2017,09,19
262,262,2017-09-20,0.0,8.0,3.3,7.2,13:00,19.6,16.1,05:50,23.1,14:40,2017,09,20
263,263,2017-09-21,0.0,22.0,3.6,10.0,15:30,20.8,17.0,03:00,24.7,12:40,2017,09,21
264,264,2017-09-22,0.0,99.0,1.7,7.5,Varias,20.8,19.0,04:20,22.7,12:30,2017,09,22
265,265,2017-09-23,0.0,20.0,3.3,8.1,16:10,21.2,18.5,05:30,24.0,12:50,2017,09,23
266,266,2017-09-24,0.0,22.0,3.1,10.3,15:40,22.6,20.0,05:00,25.1,11:50,2017,09,24
267,267,2017-09-25,0.0,10.0,5.3,13.1,16:00,21.2,18.8,23:59,23.6,14:00,2017,09,25
268,268,2017-09-26,0.7,20.0,3.3,8.3,13:10,21.2,18.6,02:40,23.7,09:20,2017,09,26
269,269,2017-09-27,0.0,20.0,3.6,7.8,13:30,21.0,18.4,06:00,23.5,10:30,2017,09,27
270,270,2017-09-28,0.0,19.0,3.1,5.3,15:30,21.8,19.1,04:00,24.6,13:50,2017,09,28
271,271,2017-09-29,0.0,19.0,3.3,7.2,14:00,21.0,18.5,05:50,23.6,09:50,2017,09,29
272,272,2017-09-30,6.6,8.0,2.5,11.7,19:50,21.2,18.8,05:00,23.6,10:40,2017,09,30
273,273,2017-10-01,1.4,18.0,3.3,11.1,13:50,19.7,18.8,06:00,20.6,15:00,2017,10,01
274,274,2017-10-02,0.0,88.0,2.8,5.3,Varias,21.8,19.1,07:00,24.5,12:30,2017,10,02
275,275,2017-10-03,0.0,88.0,3.3,5.8,12:50,22.4,20.6,03:00,24.2,10:00,2017,10,03
276,276,2017-10-04,0.0,88.0,2.8,7.5,10:40,21.4,19.8,05:30,23.0,15:00,2017,10,04
277,277,2017-10-05,0.0,88.0,3.1,10.3,13:10,22.8,19.9,03:50,25.6,10:30,2017,10,05
278,278,2017-10-06,0.0,14.0,4.2,7.8,11:50,22.0,19.9,03:00,24.0,13:00,2017,10,06
279,279,2017-10-07,0.0,10.0,3.1,9.2,05:50,19.7,17.1,06:50,22.3,11:50,2017,10,07
280,280,2017-10-08,0.0,20.0,3.3,8.6,12:30,19.4,16.0,05:40,22.9,15:40,2017,10,08
281,281,2017-10-09,0.0,20.0,3.9,9.7,14:40,20.0,16.5,06:20,23.4,13:00,2017,10,09
282,282,2017-10-10,0.0,14.0,3.6,8.1,13:00,21.2,18.3,05:00,24.1,12:30,2017,10,10
283,283,2017-10-11,0.0,23.0,3.9,10.8,15:00,21.3,18.8,02:40,23.8,13:40,2017,10,11
284,284,2017-10-12,0.0,21.0,3.1,8.6,16:10,20.9,18.0,05:00,23.8,11:50,2017,10,12
285,285,2017-10-13,0.0,99.0,2.2,5.0,Varias,21.5,18.8,06:10,24.2,12:50,2017,10,13
286,286,2017-10-14,0.0,7.0,3.3,6.1,09:50,21.3,18.7,Varias,23.9,13:00,2017,10,14
287,287,2017-10-15,0.0,20.0,3.1,5.8,14:40,21.0,18.0,06:40,24.0,11:30,2017,10,15
288,288,2017-10-16,0.0,99.0,2.8,5.8,Varias,21.5,18.7,06:00,24.3,11:00,2017,10,16
289,289,2017-10-17,0.0,20.0,2.8,6.1,16:20,20.8,17.8,06:00,23.9,11:10,2017,10,17
290,290,2017-10-18,37.3,26.0,2.8,14.7,17:30,19.8,16.3,23:50,23.2,10:40,2017,10,18
291,291,2017-10-19,31.6,8.0,4.7,18.6,16:00,17.4,15.6,06:30,19.2,21:30,2017,10,19
292,292,2017-10-20,0.1,5.0,1.9,6.1,03:50,19.8,16.7,01:50,22.9,12:50,2017,10,20
293,293,2017-10-21,4.0,13.0,2.8,11.4,23:00,20.4,17.4,02:00,23.4,10:30,2017,10,21
294,294,2017-10-22,0.0,13.0,3.6,9.2,00:10,19.0,16.0,07:20,21.9,14:10,2017,10,22
295,295,2017-10-23,0.0,20.0,3.1,8.6,13:00,17.4,14.4,05:30,20.4,12:00,2017,10,23
296,296,2017-10-24,0.0,20.0,2.5,6.9,14:00,17.8,13.9,06:30,21.8,11:20,2017,10,24
297,297,2017-10-25,0.0,36.0,2.5,5.3,06:00,18.9,14.8,04:20,23.0,13:10,2017,10,25
298,298,2017-10-26,0.0,20.0,2.5,6.4,10:40,18.6,15.0,06:00,22.3,11:30,2017,10,26
299,299,2017-10-27,0.0,8.0,3.6,8.1,14:20,19.0,15.6,06:20,22.5,10:20,2017,10,27
300,300,2017-10-28,0.0,23.0,3.1,6.9,16:40,19.5,16.8,06:00,22.2,12:20,2017,10,28
301,301,2017-10-29,0.0,32.0,2.5,8.9,17:00,19.2,15.0,05:00,23.5,13:30,2017,10,29
302,302,2017-10-30,0.0,34.0,3.1,9.2,08:00,17.6,14.4,06:40,20.8,12:00,2017,10,30
303,303,2017-10-31,0.0,15.0,1.9,8.3,00:50,16.8,14.3,23:59,19.3,14:40,2017,10,31
304,304,2017-11-01,0.0,16.0,2.5,9.2,12:40,16.3,12.5,06:10,20.1,12:20,2017,11,01
305,305,2017-11-02,0.0,22.0,3.3,9.4,12:40,18.8,15.8,07:00,21.9,13:20,2017,11,02
306,306,2017-11-03,0.0,22.0,3.3,8.6,15:40,18.2,15.1,05:40,21.2,12:10,2017,11,03
307,307,2017-11-04,5.3,25.0,2.5,9.4,18:20,18.9,15.3,21:30,22.5,12:20,2017,11,04
308,308,2017-11-05,0.0,27.0,2.5,9.2,15:40,16.8,13.2,23:59,20.3,13:40,2017,11,05
309,309,2017-11-06,0.0,32.0,3.3,13.6,10:40,14.2,10.9,06:40,17.6,13:40,2017,11,06
310,310,2017-11-07,0.0,31.0,2.2,10.3,13:10,12.8,9.4,05:00,16.3,14:10,2017,11,07
311,311,2017-11-08,0.0,99.0,1.9,6.7,Varias,11.6,8.3,04:50,14.9,13:00,2017,11,08
312,312,2017-11-09,0.0,30.0,1.9,7.5,04:40,12.0,8.6,06:00,15.3,14:00,2017,11,09
313,313,2017-11-10,0.0,21.0,3.3,7.5,12:50,12.2,8.3,04:20,16.2,12:30,2017,11,10
314,314,2017-11-11,0.0,32.0,2.5,6.7,15:10,14.2,9.8,05:20,18.7,14:50,2017,11,11
315,315,2017-11-12,0.0,32.0,2.5,13.3,23:59,15.8,12.7,06:00,18.8,16:00,2017,11,12
316,316,2017-11-13,0.0,35.0,3.9,15.3,11:30,13.5,10.2,07:00,16.8,10:30,2017,11,13
317,317,2017-11-14,0.0,34.0,2.5,10.0,00:20,12.6,9.0,06:30,16.3,12:50,2017,11,14
318,318,2017-11-15,0.0,32.0,1.9,7.5,04:50,12.6,8.5,00:30,16.6,13:20,2017,11,15
319,319,2017-11-16,0.0,99.0,2.8,6.1,Varias,12.8,8.5,06:30,17.1,13:20,2017,11,16
320,320,2017-11-17,0.0,20.0,1.7,6.4,14:20,13.8,7.8,06:40,19.9,13:20,2017,11,17
321,321,2017-11-18,0.0,99.0,3.1,6.1,12:50,15.0,10.4,05:20,19.6,13:30,2017,11,18
322,322,2017-11-19,0.0,33.0,2.2,6.4,09:00,14.4,10.0,04:50,18.9,13:30,2017,11,19
323,323,2017-11-20,0.0,36.0,2.5,8.9,00:50,13.7,9.1,Varias,18.3,12:50,2017,11,20
324,324,2017-11-21,0.0,36.0,2.2,9.7,05:10,14.0,8.8,05:30,19.1,13:00,2017,11,21
325,325,2017-11-22,0.0,24.0,3.9,9.4,12:50,13.7,8.9,07:20,18.5,12:00,2017,11,22
326,326,2017-11-23,0.0,20.0,1.9,7.5,14:00,14.8,10.5,03:50,19.2,12:50,2017,11,23
327,327,2017-11-24,0.0,22.0,2.2,5.8,12:40,16.6,11.7,Varias,21.4,14:00,2017,11,24
328,328,2017-11-25,4.7,21.0,3.6,8.3,20:50,14.9,11.5,23:59,18.3,01:10,2017,11,25
329,329,2017-11-26,0.0,32.0,1.4,8.6,21:20,12.2,9.4,07:50,15.0,13:20,2017,11,26
330,330,2017-11-27,0.0,34.0,3.9,7.5,02:20,10.8,7.2,05:50,14.4,11:50,2017,11,27
331,331,2017-11-28,0.0,28.0,2.5,7.8,10:10,11.9,8.3,03:00,15.5,13:50,2017,11,28
332,332,2017-11-29,0.0,32.0,2.8,8.6,05:10,10.2,6.9,06:50,13.5,14:10,2017,11,29
333,333,2017-11-30,0.0,32.0,1.9,8.1,22:50,10.1,6.2,07:40,14.0,13:10,2017,11,30
334,334,2017-12-01,0.0,10.0,2.2,16.4,14:20,7.6,6.1,20:00,9.1,14:10,2017,12,01
335,335,2017-12-02,0.0,13.0,3.3,11.1,16:40,7.1,3.8,04:30,10.4,15:00,2017,12,02
336,336,2017-12-03,0.0,34.0,2.2,9.7,18:40,9.4,5.7,07:40,13.2,12:50,2017,12,03
337,337,2017-12-04,0.0,35.0,0.8,7.8,02:50,10.1,5.6,07:40,14.6,15:00,2017,12,04
338,338,2017-12-05,0.0,34.0,2.5,6.7,06:50,9.4,5.0,06:20,13.7,12:20,2017,12,05
339,339,2017-12-06,0.0,27.0,3.3,6.7,14:40,9.6,4.4,07:00,14.9,14:40,2017,12,06
340,340,2017-12-07,0.0,27.0,2.8,8.1,17:40,10.8,6.2,05:30,15.4,11:50,2017,12,07
341,341,2017-12-08,0.0,27.0,3.3,11.9,08:30,11.3,8.7,05:00,13.9,14:50,2017,12,08
342,342,2017-12-09,0.0,23.0,1.9,5.8,17:20,10.2,8.3,10:40,12.1,13:10,2017,12,09
343,343,2017-12-10,0.1,26.0,2.2,8.3,23:30,13.9,10.9,04:50,16.9,14:00,2017,12,10
344,344,2017-12-11,1.2,24.0,5.6,16.9,06:50,13.9,11.2,23:59,16.6,07:40,2017,12,11
345,345,2017-12-12,0.0,32.0,1.9,10.0,02:30,10.0,7.5,23:50,12.4,14:00,2017,12,12
346,346,2017-12-13,0.0,29.0,3.1,9.7,08:40,10.2,6.7,07:40,13.8,12:40,2017,12,13
347,347,2017-12-14,0.0,30.0,2.8,12.2,02:20,13.6,11.2,Varias,15.9,15:10,2017,12,14
348,348,2017-12-15,0.0,26.0,4.2,11.7,10:30,12.5,9.4,23:59,15.6,11:00,2017,12,15
349,349,2017-12-16,0.0,32.0,3.1,20.0,04:10,11.2,7.5,04:40,14.9,15:00,2017,12,16
350,350,2017-12-17,0.0,28.0,2.8,6.1,13:40,9.6,5.0,06:50,14.1,15:10,2017,12,17
351,351,2017-12-18,0.0,27.0,1.4,8.6,11:00,8.6,7.0,04:30,10.3,13:40,2017,12,18
352,352,2017-12-19,0.0,10.0,3.6,10.0,17:40,9.4,5.9,04:40,12.9,12:40,2017,12,19
353,353,2017-12-20,0.0,4.0,1.7,7.5,19:10,10.3,7.0,04:00,13.6,14:00,2017,12,20
354,354,2017-12-21,0.0,29.0,2.2,6.1,21:40,12.2,9.2,07:30,15.2,12:20,2017,12,21
355,355,2017-12-22,0.0,32.0,1.9,6.7,19:50,13.2,10.0,04:40,16.5,14:20,2017,12,22
356,356,2017-12-23,0.0,29.0,3.1,6.7,14:30,12.0,8.7,06:50,15.4,13:40,2017,12,23
357,357,2017-12-24,0.0,26.0,1.7,6.1,13:00,11.6,7.7,07:00,15.5,15:00,2017,12,24
358,358,2017-12-25,0.0,26.0,1.4,7.2,14:40,11.5,7.9,06:50,15.1,14:30,2017,12,25
359,359,2017-12-26,1.1,33.0,1.9,9.2,15:40,12.4,9.6,08:30,15.2,12:10,2017,12,26
360,360,2017-12-27,0.0,29.0,5.6,23.3,13:30,10.6,7.4,23:59,13.8,15:00,2017,12,27
361,361,2017-12-28,0.0,32.0,3.3,13.9,01:20,9.8,6.9,08:30,12.7,15:30,2017,12,28
362,362,2017-12-29,0.0,34.0,2.2,8.9,14:20,10.4,6.5,07:30,14.4,15:00,2017,12,29
363,363,2017-12-30,0.0,24.0,2.5,10.8,07:50,15.9,11.5,05:30,20.3,14:30,2017,12,30
364,364,2017-12-31,0.0,27.0,2.8,15.6,23:00,14.6,10.5,03:00,18.8,13:00,2017,12,31
365,365,2018-01-01,0.0,31.0,4.2,18.1,10:30,12.8,10.2,07:40,15.5,19:30,2018,01,01
366,366,2018-01-02,0.0,30.0,3.3,10.3,07:50,14.6,11.4,09:50,17.8,14:30,2018,01,02
367,367,2018-01-03,0.0,31.0,3.9,18.3,23:10,17.9,14.0,03:40,21.8,15:00,2018,01,03
368,368,2018-01-04,0.0,31.0,5.0,20.0,04:20,19.2,16.4,23:59,21.9,14:50,2018,01,04
369,369,2018-01-05,0.0,30.0,3.3,13.3,09:50,16.4,13.7,23:59,19.2,13:40,2018,01,05
370,370,2018-01-06,0.4,9.0,7.5,18.9,18:10,12.4,10.0,06:00,14.9,11:30,2018,01,06
371,371,2018-01-07,4.6,21.0,3.6,15.0,09:10,11.8,8.4,23:59,15.1,02:50,2018,01,07
372,372,2018-01-08,0.0,1.0,3.1,6.4,10:30,10.8,7.0,05:50,14.5,15:00,2018,01,08
373,373,2018-01-09,0.0,33.0,2.5,9.4,07:30,10.5,6.6,05:00,14.4,13:40,2018,01,09
374,374,2018-01-10,0.0,,3.3,,,,,,,,2018,01,10
375,375,2018-01-11,0.0,33.0,1.4,8.6,10:20,11.2,8.7,08:00,13.8,13:50,2018,01,11
376,376,2018-01-12,0.0,35.0,2.8,7.5,06:00,9.8,6.0,07:30,13.6,14:30,2018,01,12
377,377,2018-01-13,5.9,20.0,3.3,11.9,19:00,9.2,4.5,06:50,13.8,13:20,2018,01,13
378,378,2018-01-14,0.0,23.0,2.5,7.5,00:10,10.2,8.1,23:59,12.3,15:20,2018,01,14
379,379,2018-01-15,0.0,29.0,3.3,9.7,18:00,9.6,6.4,05:20,12.8,12:00,2018,01,15
380,380,2018-01-16,0.0,32.0,2.8,11.9,08:30,13.2,9.4,05:00,17.1,15:00,2018,01,16
381,381,2018-01-17,1.4,99.0,3.1,16.4,Varias,13.8,11.1,23:50,16.5,14:50,2018,01,17
382,382,2018-01-18,0.0,27.0,2.5,6.9,15:10,12.0,9.6,07:00,14.5,14:30,2018,01,18
383,383,2018-01-19,0.0,36.0,1.7,8.6,21:10,10.0,7.0,06:40,13.1,13:30,2018,01,19
384,384,2018-01-20,0.0,26.0,3.1,13.3,14:20,12.8,8.8,07:00,16.7,14:40,2018,01,20
385,385,2018-01-21,0.0,31.0,2.5,17.8,02:50,18.2,14.4,00:50,21.9,16:20,2018,01,21
386,386,2018-01-22,0.0,34.0,2.5,11.4,02:30,16.4,12.8,07:20,20.1,14:30,2018,01,22
387,387,2018-01-23,0.0,33.0,1.9,6.1,07:30,13.6,10.3,06:50,16.9,11:50,2018,01,23
388,388,2018-01-24,0.0,24.0,2.8,6.7,17:50,12.0,8.1,05:40,15.8,10:50,2018,01,24
389,389,2018-01-25,17.0,24.0,3.6,7.8,12:30,12.4,10.9,01:40,13.8,11:00,2018,01,25
390,390,2018-01-26,20.3,10.0,1.9,11.9,03:50,10.0,7.0,11:30,13.1,04:50,2018,01,26
391,391,2018-01-27,0.0,8.0,3.1,12.8,17:40,10.6,7.9,06:20,13.2,13:00,2018,01,27
392,392,2018-01-28,0.0,5.0,3.6,8.3,07:30,12.8,10.9,22:30,14.8,11:50,2018,01,28
393,393,2018-01-29,0.0,21.0,3.3,7.5,13:50,11.4,7.8,07:20,15.0,12:10,2018,01,29
394,394,2018-01-30,0.0,22.0,2.8,6.4,13:20,10.9,7.5,Varias,14.3,11:40,2018,01,30
395,395,2018-01-31,0.0,26.0,3.6,11.4,15:10,10.6,5.7,07:30,15.6,12:50,2018,01,31
396,396,2018-02-01,6.6,12.0,3.3,13.3,15:50,8.6,6.2,23:59,10.9,11:00,2018,02,01
397,397,2018-02-02,0.0,35.0,1.4,7.5,00:10,8.6,6.2,,11.1,16:20,2018,02,02
398,398,2018-02-03,0.0,30.0,3.3,14.2,14:10,8.4,4.9,07:00,11.9,16:20,2018,02,03
399,399,2018-02-04,15.5,7.0,9.4,18.3,14:40,8.4,6.8,23:59,9.9,10:00,2018,02,04
400,400,2018-02-05,12.9,9.0,5.3,15.0,03:40,8.6,6.6,00:40,10.5,13:30,2018,02,05
401,401,2018-02-06,0.5,8.0,6.1,8.9,07:00,9.3,7.2,23:59,11.4,15:00,2018,02,06
402,402,2018-02-07,0.0,21.0,2.8,8.3,14:20,7.8,4.6,07:20,11.1,12:50,2018,02,07
403,403,2018-02-08,,8.0,2.8,10.0,12:20,3.6,1.1,13:00,6.1,10:40,2018,02,08
404,404,2018-02-09,0.1,22.0,2.8,9.2,14:20,5.8,1.2,07:00,10.3,13:00,2018,02,09
405,405,2018-02-10,0.0,33.0,2.5,11.7,08:20,8.6,5.0,06:10,12.3,13:40,2018,02,10
406,406,2018-02-11,1.3,30.0,2.8,8.9,09:50,9.6,4.6,02:00,14.6,14:30,2018,02,11
407,407,2018-02-12,15.9,99.0,4.2,12.2,10:50,,,,,,2018,02,12
408,408,2018-02-13,0.0,29.0,3.3,11.7,17:30,6.4,2.4,07:00,10.3,14:40,2018,02,13
409,409,2018-02-14,0.0,32.0,2.2,7.8,02:40,7.7,4.3,07:00,11.1,11:50,2018,02,14
410,410,2018-02-15,0.0,21.0,1.9,5.8,14:00,11.9,8.1,03:00,15.7,11:10,2018,02,15
411,411,2018-02-16,0.0,21.0,1.7,6.4,13:40,13.6,10.8,03:00,16.5,12:20,2018,02,16
412,412,2018-02-17,0.1,8.0,2.8,7.8,12:20,11.4,9.6,07:20,13.3,11:10,2018,02,17
413,413,2018-02-18,0.0,26.0,1.9,7.8,00:30,11.3,8.4,05:50,14.2,12:10,2018,02,18
414,414,2018-02-19,0.0,99.0,2.2,5.3,05:50,10.8,8.4,05:00,13.2,13:20,2018,02,19
415,415,2018-02-20,0.0,20.0,3.3,7.2,12:20,12.8,10.3,23:59,15.2,12:20,2018,02,20
416,416,2018-02-21,0.0,9.0,5.8,17.5,15:20,10.6,6.1,23:00,15.0,13:30,2018,02,21
417,417,2018-02-22,0.0,11.0,3.9,9.4,19:20,7.2,4.1,06:40,10.3,13:30,2018,02,22
418,418,2018-02-23,0.0,20.0,3.6,8.9,12:50,7.8,5.2,08:00,10.3,11:50,2018,02,23
419,419,2018-02-24,0.0,22.0,2.8,9.2,16:10,7.8,4.1,06:10,11.5,12:30,2018,02,24
420,420,2018-02-25,0.0,8.0,1.4,10.3,23:10,10.8,7.0,03:30,14.6,13:20,2018,02,25
421,421,2018-02-26,0.1,9.0,6.4,17.2,20:50,6.4,2.4,23:59,10.5,11:50,2018,02,26
422,422,2018-02-27,3.4,8.0,2.8,11.9,00:20,2.7,0.8,03:30,4.6,12:10,2018,02,27
423,423,2018-02-28,7.6,9.0,3.9,12.8,03:10,3.8,0.1,05:40,7.4,23:59,2018,02,28
424,424,2018-03-01,0.8,27.0,3.9,11.1,23:00,10.8,7.1,01:00,14.4,14:20,2018,03,01
425,425,2018-03-02,3.0,29.0,5.8,24.2,05:00,12.4,9.7,07:00,15.1,12:10,2018,03,02
426,426,2018-03-03,0.0,27.0,4.2,16.4,10:20,14.4,10.2,03:00,18.6,14:40,2018,03,03
427,427,2018-03-04,1.2,9.0,3.1,8.3,19:20,12.8,10.3,05:20,15.3,14:00,2018,03,04
428,428,2018-03-05,3.5,32.0,2.8,14.4,22:50,12.2,9.4,05:40,15.1,14:20,2018,03,05
429,429,2018-03-06,0.0,26.0,5.0,14.7,16:20,13.3,9.1,06:20,17.5,13:40,2018,03,06
430,430,2018-03-07,0.0,33.0,3.9,10.8,13:20,12.4,8.3,03:40,16.6,14:50,2018,03,07
431,431,2018-03-08,0.0,23.0,3.6,11.4,14:50,11.7,8.2,06:00,15.2,13:40,2018,03,08
432,432,2018-03-09,0.0,20.0,3.1,9.4,14:50,12.4,9.8,06:30,15.0,14:30,2018,03,09
433,433,2018-03-10,0.7,25.0,3.9,12.2,19:00,16.1,12.2,06:50,20.0,14:10,2018,03,10
434,434,2018-03-11,0.0,25.0,4.7,16.1,13:20,15.6,12.7,05:30,18.5,11:10,2018,03,11
435,435,2018-03-12,0.0,30.0,3.6,17.5,15:20,15.4,11.7,23:59,19.0,15:10,2018,03,12
436,436,2018-03-13,0.0,26.0,3.6,10.0,18:10,12.8,9.8,03:00,15.8,15:50,2018,03,13
437,437,2018-03-14,0.3,22.0,3.3,7.8,13:30,11.3,8.1,06:20,14.5,13:00,2018,03,14
438,438,2018-03-15,0.0,27.0,3.6,11.7,13:40,16.0,12.4,04:00,19.5,14:40,2018,03,15
439,439,2018-03-16,0.0,29.0,3.6,10.6,19:10,14.1,11.3,05:00,16.9,12:40,2018,03,16
440,440,2018-03-17,0.5,24.0,4.7,13.6,15:20,11.6,7.7,21:00,15.5,11:30,2018,03,17
441,441,2018-03-18,0.0,32.0,4.2,10.8,07:50,10.3,6.4,06:00,14.2,12:10,2018,03,18
442,442,2018-03-19,25.1,23.0,3.1,13.9,14:50,10.2,5.3,23:59,15.2,13:10,2018,03,19
443,443,2018-03-20,0.0,31.0,3.6,12.2,06:00,7.4,2.5,04:10,12.3,13:50,2018,03,20
444,444,2018-03-21,0.0,33.0,4.4,10.0,01:40,9.0,5.3,05:40,12.6,15:50,2018,03,21
445,445,2018-03-22,0.0,30.0,4.4,11.4,13:40,11.0,5.5,06:10,16.5,16:10,2018,03,22
446,446,2018-03-23,2.6,34.0,2.2,7.8,05:10,12.2,8.0,05:50,16.5,11:50,2018,03,23
447,447,2018-03-24,31.4,32.0,3.1,12.8,16:50,8.7,6.7,16:00,10.7,00:50,2018,03,24
448,448,2018-03-25,0.0,35.0,1.9,8.9,01:20,10.6,8.4,02:00,12.8,14:50,2018,03,25
449,449,2018-03-26,1.9,22.0,3.6,8.3,12:40,12.9,8.3,05:50,17.5,13:30,2018,03,26
450,450,2018-03-27,0.0,22.0,4.4,9.2,15:20,11.6,8.8,05:50,14.3,10:40,2018,03,27
451,451,2018-03-28,0.0,26.0,3.6,12.8,Varias,15.4,11.1,05:00,19.7,16:30,2018,03,28
452,452,2018-03-29,0.0,22.0,3.1,8.1,14:20,13.2,10.7,02:20,15.8,08:30,2018,03,29
453,453,2018-03-30,0.0,27.0,3.6,16.1,16:00,15.0,11.0,05:20,19.0,13:00,2018,03,30
454,454,2018-03-31,0.0,32.0,7.8,18.9,08:30,13.2,9.1,06:00,17.2,15:10,2018,03,31
455,455,2018-04-01,0.0,24.0,4.2,9.2,17:50,11.6,8.7,05:30,14.4,14:40,2018,04,01
456,456,2018-04-02,0.0,8.0,3.3,8.6,19:20,13.2,9.5,05:40,16.9,11:00,2018,04,02
457,457,2018-04-03,0.0,25.0,3.6,10.6,15:00,14.2,12.1,06:10,16.3,10:20,2018,04,03
458,458,2018-04-04,0.0,30.0,4.2,14.7,15:20,17.7,13.1,06:00,22.3,14:10,2018,04,04
459,459,2018-04-05,0.0,9.0,3.6,8.3,06:30,14.6,12.0,06:30,17.2,08:30,2018,04,05
460,460,2018-04-06,0.1,8.0,2.8,9.7,21:00,13.2,10.2,05:20,16.2,09:10,2018,04,06
461,461,2018-04-07,0.2,9.0,9.2,15.6,05:30,13.9,12.7,04:00,15.1,13:10,2018,04,07
462,462,2018-04-08,6.0,9.0,4.7,11.1,06:40,13.6,11.9,22:50,15.2,13:20,2018,04,08
463,463,2018-04-09,0.1,30.0,3.3,11.7,20:20,12.8,10.2,23:59,15.3,13:30,2018,04,09
464,464,2018-04-10,18.7,20.0,4.7,11.4,13:00,12.2,9.5,05:00,15.0,10:10,2018,04,10
465,465,2018-04-11,1.9,14.0,6.4,20.0,04:00,11.4,8.9,23:59,13.8,11:20,2018,04,11
466,466,2018-04-12,0.1,20.0,5.0,10.3,12:20,12.2,8.8,00:40,15.5,16:20,2018,04,12
467,467,2018-04-13,0.9,15.0,4.7,9.4,12:00,12.6,11.0,02:50,14.1,14:20,2018,04,13
468,468,2018-04-14,7.7,34.0,2.2,9.4,14:40,13.4,12.2,06:00,14.7,17:00,2018,04,14
469,469,2018-04-15,0.0,22.0,3.6,8.9,12:00,17.2,13.3,21:30,21.2,11:10,2018,04,15
470,470,2018-04-16,0.0,7.0,1.7,7.8,10:40,15.0,13.0,00:50,16.9,18:00,2018,04,16
471,471,2018-04-17,0.0,22.0,3.1,7.2,14:00,17.4,13.9,03:10,20.8,09:40,2018,04,17
472,472,2018-04-18,0.0,10.0,1.9,6.7,15:30,19.0,14.3,04:00,23.6,10:10,2018,04,18
473,473,2018-04-19,0.0,99.0,3.6,6.7,Varias,17.8,14.6,22:00,21.1,09:20,2018,04,19
474,474,2018-04-20,0.0,1.0,2.2,4.7,06:50,17.0,14.1,05:00,20.0,08:40,2018,04,20
475,475,2018-04-21,0.0,23.0,3.1,6.9,18:00,17.2,13.5,03:30,20.9,16:40,2018,04,21
476,476,2018-04-22,0.0,22.0,3.1,8.6,13:20,17.9,14.4,04:50,21.4,14:10,2018,04,22
477,477,2018-04-23,0.0,8.0,1.7,4.7,09:30,17.6,14.9,04:00,20.4,13:00,2018,04,23
478,478,2018-04-24,0.0,1.0,1.7,4.4,06:10,19.6,14.9,02:30,24.2,09:50,2018,04,24
479,479,2018-04-25,0.0,10.0,3.9,8.1,12:50,19.4,16.0,05:40,22.8,08:30,2018,04,25
480,480,2018-04-26,0.0,23.0,3.3,8.1,18:10,18.7,16.0,23:50,21.4,09:10,2018,04,26
481,481,2018-04-27,0.2,20.0,3.1,11.4,11:00,18.2,14.3,04:50,22.1,10:20,2018,04,27
482,482,2018-04-28,1.7,11.0,3.1,6.4,00:40,17.9,15.4,04:50,20.4,11:10,2018,04,28
483,483,2018-04-29,0.8,26.0,5.8,18.6,13:10,16.0,13.6,23:59,18.3,11:40,2018,04,29
484,484,2018-04-30,66.0,21.0,5.3,11.9,13:40,14.8,12.1,04:50,17.6,15:20,2018,04,30
485,485,2018-05-01,5.3,34.0,2.5,10.0,16:30,12.0,8.5,06:00,15.6,13:20,2018,05,01
486,486,2018-05-02,0.0,21.0,3.6,7.8,Varias,12.7,8.1,05:00,17.3,17:30,2018,05,02
487,487,2018-05-03,0.8,6.0,3.1,13.6,13:40,17.6,12.3,04:20,22.9,12:30,2018,05,03
488,488,2018-05-04,0.2,33.0,2.5,7.5,02:20,15.5,12.8,06:20,18.2,13:30,2018,05,04
489,489,2018-05-05,3.4,99.0,2.2,6.9,Varias,18.2,15.3,09:10,21.0,13:50,2018,05,05
490,490,2018-05-06,3.2,8.0,3.1,8.3,06:30,18.5,14.5,08:20,22.5,13:20,2018,05,06
491,491,2018-05-07,0.0,21.0,2.8,8.3,13:20,18.0,15.5,20:00,20.4,10:40,2018,05,07
492,492,2018-05-08,0.2,21.0,2.5,7.5,17:40,17.6,14.8,06:00,20.3,13:50,2018,05,08
493,493,2018-05-09,0.0,21.0,2.5,7.5,10:30,17.8,14.5,04:40,21.1,09:50,2018,05,09
494,494,2018-05-10,0.0,14.0,2.5,6.1,12:30,17.6,15.4,04:00,19.7,09:40,2018,05,10
495,495,2018-05-11,0.0,99.0,5.0,14.2,Varias,18.0,15.1,05:00,20.9,12:10,2018,05,11
496,496,2018-05-12,12.0,21.0,3.1,14.7,20:10,15.8,13.0,23:00,18.6,07:20,2018,05,12
497,497,2018-05-13,0.0,8.0,3.1,11.7,15:10,12.8,9.9,05:40,15.8,14:10,2018,05,13
498,498,2018-05-14,0.0,8.0,4.4,10.0,17:50,13.6,10.4,04:50,16.9,15:10,2018,05,14
499,499,2018-05-15,0.0,10.0,4.4,11.1,14:00,16.6,11.9,05:10,21.2,11:00,2018,05,15
500,500,2018-05-16,0.0,22.0,1.4,5.6,08:50,16.8,13.2,05:50,20.4,08:40,2018,05,16
501,501,2018-05-17,0.0,22.0,1.9,7.2,11:30,18.5,15.7,02:40,21.3,09:00,2018,05,17
502,502,2018-05-18,0.0,9.0,1.4,5.3,01:40,18.9,16.6,02:50,21.2,11:30,2018,05,18
503,503,2018-05-19,0.0,19.0,1.9,5.3,14:00,19.8,15.3,05:00,24.2,09:00,2018,05,19
504,504,2018-05-20,0.0,13.0,3.1,6.9,11:40,19.4,16.0,04:40,22.7,09:50,2018,05,20
505,505,2018-05-21,0.0,14.0,1.9,6.1,11:20,18.6,15.6,04:00,21.7,14:00,2018,05,21
506,506,2018-05-22,0.0,19.0,3.1,5.6,13:40,19.4,16.8,05:00,21.9,11:50,2018,05,22
507,507,2018-05-23,0.0,21.0,4.2,9.7,14:40,18.5,15.6,04:50,21.4,08:30,2018,05,23
508,508,2018-05-24,0.0,27.0,1.9,5.6,03:10,19.9,17.3,01:00,22.5,13:00,2018,05,24
509,509,2018-05-25,1.7,8.0,7.2,11.4,14:40,19.2,17.0,03:00,21.5,13:00,2018,05,25
510,510,2018-05-26,0.0,6.0,7.2,12.5,02:40,19.3,17.7,02:40,20.9,11:40,2018,05,26
511,511,2018-05-27,0.0,10.0,6.4,12.5,16:20,20.0,18.5,21:30,21.5,14:10,2018,05,27
512,512,2018-05-28,0.0,10.0,3.6,10.0,00:50,20.0,18.2,05:00,21.8,14:40,2018,05,28
513,513,2018-05-29,2.1,20.0,5.3,11.7,12:10,20.8,18.1,05:10,23.5,16:40,2018,05,29
514,514,2018-05-30,0.2,20.0,4.7,7.8,12:50,19.7,18.4,20:40,21.0,10:50,2018,05,30
515,515,2018-05-31,0.0,20.0,2.2,5.3,12:30,19.6,16.7,04:20,22.6,09:30,2018,05,31
516,516,2018-06-01,0.0,99.0,1.9,5.3,Varias,20.4,17.7,04:00,23.0,08:00,2018,06,01
517,517,2018-06-02,0.0,8.0,2.5,5.0,10:00,20.8,18.1,04:20,23.6,14:20,2018,06,02
518,518,2018-06-03,6.8,9.0,4.7,13.9,12:00,18.3,16.7,23:59,19.9,11:20,2018,06,03
519,519,2018-06-04,0.0,20.0,3.3,8.1,15:20,18.5,15.8,04:00,21.2,08:50,2018,06,04
520,520,2018-06-05,0.0,22.0,2.8,7.8,17:00,20.2,17.8,03:50,22.7,14:00,2018,06,05
521,521,2018-06-06,0.2,26.0,2.2,10.3,10:40,19.2,16.4,05:00,22.0,15:20,2018,06,06
522,522,2018-06-07,1.0,21.0,2.2,6.4,18:30,,,,,,2018,06,07
523,523,2018-06-08,0.0,20.0,3.9,8.6,15:00,19.6,17.0,05:00,22.3,08:20,2018,06,08
524,524,2018-06-09,0.0,22.0,2.5,8.6,11:10,21.5,19.1,04:40,23.9,07:40,2018,06,09
525,525,2018-06-10,0.1,10.0,3.9,10.0,16:00,22.3,19.8,06:00,24.8,08:10,2018,06,10
526,526,2018-06-11,0.0,24.0,5.0,12.8,14:30,23.2,20.1,23:59,26.2,10:30,2018,06,11
527,527,2018-06-12,0.0,26.0,5.3,12.5,15:40,22.3,18.9,07:00,25.7,14:50,2018,06,12
528,528,2018-06-13,0.0,22.0,3.6,9.7,12:30,22.4,18.2,05:00,26.6,11:00,2018,06,13
529,529,2018-06-14,0.0,34.0,3.9,8.6,05:10,21.8,19.2,04:00,24.4,09:10,2018,06,14
530,530,2018-06-15,0.0,21.0,3.1,6.4,Varias,21.6,19.2,03:50,23.9,11:00,2018,06,15
531,531,2018-06-16,0.0,21.0,3.3,8.6,13:50,21.6,19.6,04:40,23.6,07:40,2018,06,16
532,532,2018-06-17,0.0,18.0,3.1,6.7,12:30,22.2,19.6,04:40,24.8,12:00,2018,06,17
533,533,2018-06-18,0.0,21.0,2.8,8.3,10:50,23.4,20.1,04:20,26.8,09:20,2018,06,18
534,534,2018-06-19,0.0,12.0,4.2,7.8,08:30,22.6,19.7,01:00,25.6,08:40,2018,06,19
535,535,2018-06-20,0.0,3.0,1.7,3.9,06:20,23.4,20.0,03:30,26.7,10:40,2018,06,20
536,536,2018-06-21,0.0,21.0,2.8,7.2,16:00,23.5,20.4,04:00,26.6,11:30,2018,06,21
537,537,2018-06-22,0.0,99.0,3.3,8.3,12:50,24.2,21.8,04:40,26.7,06:50,2018,06,22
538,538,2018-06-23,0.0,13.0,3.6,6.4,06:40,23.0,21.1,20:20,24.8,09:20,2018,06,23
539,539,2018-06-24,0.0,15.0,2.8,5.6,12:50,23.6,21.4,04:00,25.8,10:40,2018,06,24
540,540,2018-06-25,0.0,11.0,3.9,8.9,08:50,23.8,21.7,03:00,25.9,13:30,2018,06,25
541,541,2018-06-26,0.0,8.0,3.1,5.6,06:30,24.0,21.7,01:50,26.4,14:40,2018,06,26
542,542,2018-06-27,0.0,22.0,3.9,11.4,13:50,25.0,21.9,04:30,28.2,14:00,2018,06,27
543,543,2018-06-28,0.9,20.0,3.1,8.3,12:10,23.6,21.1,18:30,26.0,14:00,2018,06,28
544,544,2018-06-29,0.0,18.0,2.8,7.2,10:50,24.0,20.9,02:00,27.2,09:00,2018,06,29
545,545,2018-06-30,0.0,9.0,4.2,6.9,16:40,23.2,21.1,04:50,25.2,14:00,2018,06,30
546,546,2018-07-01,0.0,9.0,3.1,5.8,08:20,24.1,21.4,04:50,26.8,13:20,2018,07,01
547,547,2018-07-02,0.0,13.0,2.8,6.7,12:00,24.7,22.0,04:00,27.4,10:40,2018,07,02
548,548,2018-07-03,0.0,20.0,3.9,8.6,14:20,25.1,22.9,05:20,27.3,12:30,2018,07,03
549,549,2018-07-04,0.0,22.0,2.8,6.4,19:20,25.0,22.0,04:30,28.0,13:00,2018,07,04
550,550,2018-07-05,0.0,22.0,5.0,11.4,12:30,25.0,22.9,04:40,27.2,07:50,2018,07,05
551,551,2018-07-06,0.0,18.0,3.9,8.1,13:10,25.2,23.0,05:00,27.4,09:00,2018,07,06
552,552,2018-07-07,0.0,22.0,4.2,11.4,14:40,24.8,22.2,04:00,27.3,08:10,2018,07,07
553,553,2018-07-08,0.0,20.0,3.3,7.2,15:00,26.8,23.3,02:00,30.2,10:50,2018,07,08
554,554,2018-07-09,0.0,14.0,4.7,12.2,17:40,26.6,23.2,04:50,30.1,17:10,2018,07,09
555,555,2018-07-10,0.0,22.0,4.4,10.0,17:10,25.6,23.2,04:50,28.1,16:50,2018,07,10
556,556,2018-07-11,0.1,18.0,3.3,7.2,14:40,26.0,23.1,04:30,28.9,13:10,2018,07,11
557,557,2018-07-12,0.0,9.0,4.7,9.2,17:00,25.0,22.8,05:10,27.1,09:10,2018,07,12
558,558,2018-07-13,0.0,99.0,4.2,8.1,12:50,25.6,22.5,04:20,28.8,09:30,2018,07,13
559,559,2018-07-14,0.0,20.0,2.5,6.7,16:50,26.2,22.9,04:40,29.5,08:10,2018,07,14
560,560,2018-07-15,0.1,20.0,2.8,6.4,20:10,25.8,22.4,04:30,29.1,09:10,2018,07,15
561,561,2018-07-16,9.9,34.0,4.2,12.5,10:50,22.9,19.0,08:20,26.8,13:30,2018,07,16
562,562,2018-07-17,0.0,19.0,2.8,7.8,09:50,25.6,22.3,04:00,28.9,09:10,2018,07,17
563,563,2018-07-18,0.0,20.0,2.8,7.2,18:00,25.4,22.7,04:00,28.2,12:40,2018,07,18
564,564,2018-07-19,0.0,23.0,5.0,7.8,19:20,25.6,23.1,04:50,28.1,11:20,2018,07,19
565,565,2018-07-20,0.0,11.0,3.1,6.4,23:59,25.9,22.7,05:00,29.1,14:20,2018,07,20
566,566,2018-07-21,0.1,20.0,4.4,10.3,13:40,25.1,22.8,23:59,27.4,12:40,2018,07,21
567,567,2018-07-22,3.4,23.0,4.2,10.0,04:40,22.9,20.4,04:40,25.4,12:10,2018,07,22
568,568,2018-07-23,0.0,24.0,5.0,10.6,16:50,24.2,20.5,04:00,28.0,09:30,2018,07,23
569,569,2018-07-24,0.0,20.0,4.7,10.0,12:00,25.7,23.6,22:50,27.8,16:30,2018,07,24
570,570,2018-07-25,0.0,20.0,3.3,6.4,14:30,26.2,22.5,Varias,29.9,10:20,2018,07,25
571,571,2018-07-26,0.0,20.0,3.9,9.4,14:40,27.1,24.9,05:00,29.3,07:00,2018,07,26
572,572,2018-07-27,0.0,20.0,4.7,10.8,13:10,26.1,23.4,03:20,28.8,16:40,2018,07,27
573,573,2018-07-28,0.0,99.0,3.3,7.8,Varias,26.1,23.6,04:50,28.6,17:00,2018,07,28
574,574,2018-07-29,0.0,20.0,3.9,8.6,16:00,25.8,23.6,04:00,28.0,11:40,2018,07,29
575,575,2018-07-30,0.0,20.0,2.2,5.6,12:10,27.0,24.3,04:00,29.8,09:10,2018,07,30
576,576,2018-07-31,0.0,20.0,2.2,5.3,11:00,27.1,24.0,05:00,30.2,16:40,2018,07,31
577,577,2018-08-01,0.0,21.0,3.3,8.3,14:50,28.2,24.3,01:20,32.0,08:20,2018,08,01
578,578,2018-08-02,0.0,20.0,3.1,6.4,13:40,28.8,26.8,00:20,30.7,08:30,2018,08,02
579,579,2018-08-03,0.0,21.0,1.9,5.0,10:40,29.7,27.0,05:10,32.4,09:10,2018,08,03
580,580,2018-08-04,0.0,10.0,1.9,9.4,14:20,30.0,27.1,02:00,33.0,08:50,2018,08,04
581,581,2018-08-05,0.0,99.0,2.2,5.0,Varias,29.7,25.9,23:00,33.5,08:10,2018,08,05
582,582,2018-08-06,0.0,9.0,2.8,5.3,08:40,28.4,25.8,00:50,30.9,12:00,2018,08,06
583,583,2018-08-07,0.0,20.0,4.2,10.0,12:40,27.8,25.8,23:59,29.9,16:10,2018,08,07
584,584,2018-08-08,0.5,10.0,4.4,7.8,11:40,28.0,25.8,07:00,30.2,14:40,2018,08,08
585,585,2018-08-09,2.9,9.0,3.9,11.1,18:40,26.0,22.5,23:59,29.4,12:00,2018,08,09
586,586,2018-08-10,0.0,13.0,4.2,7.2,12:20,24.6,21.5,05:00,27.6,10:40,2018,08,10
587,587,2018-08-11,0.0,11.0,2.8,6.7,10:20,24.6,21.8,04:40,27.3,12:30,2018,08,11
588,588,2018-08-12,0.0,21.0,4.7,11.7,14:30,26.6,24.5,Varias,28.7,16:10,2018,08,12
589,589,2018-08-13,1.2,8.0,4.4,9.7,21:00,25.6,23.9,19:40,27.4,07:50,2018,08,13
590,590,2018-08-14,0.0,20.0,4.2,10.0,13:00,24.5,22.4,03:00,26.6,10:30,2018,08,14
591,591,2018-08-15,0.0,20.0,3.9,9.4,14:20,25.0,23.1,06:20,27.0,09:20,2018,08,15
592,592,2018-08-16,0.0,21.0,3.9,10.6,15:30,26.1,23.8,05:20,28.4,09:50,2018,08,16
593,593,2018-08-17,25.8,9.0,2.8,17.8,14:10,23.8,18.5,13:00,29.0,11:30,2018,08,17
594,594,2018-08-18,0.0,34.0,3.3,7.2,07:20,23.6,19.9,05:20,27.2,10:40,2018,08,18
595,595,2018-08-19,0.0,20.0,3.1,7.8,13:00,25.7,22.3,05:00,29.1,09:40,2018,08,19
596,596,2018-08-20,0.0,21.0,2.5,7.5,11:50,26.2,23.6,03:00,28.7,08:50,2018,08,20
597,597,2018-08-21,0.0,21.0,3.6,8.9,15:10,26.0,22.7,05:50,29.3,14:20,2018,08,21
598,598,2018-08-22,0.0,3.0,1.9,5.0,03:50,27.0,22.9,05:30,31.0,09:50,2018,08,22
599,599,2018-08-23,0.0,19.0,3.3,7.8,14:00,25.8,23.0,05:30,28.6,08:50,2018,08,23
600,600,2018-08-24,0.0,10.0,3.1,7.8,23:30,26.0,22.9,05:00,29.0,10:50,2018,08,24
601,601,2018-08-25,0.0,15.0,4.4,10.0,15:30,24.0,22.0,05:30,26.0,10:00,2018,08,25
602,602,2018-08-26,0.0,21.0,4.4,10.8,16:00,22.4,20.7,07:20,24.2,17:00,2018,08,26
603,603,2018-08-27,0.0,13.0,3.9,6.9,11:40,24.8,21.9,05:20,27.6,12:20,2018,08,27
604,604,2018-08-28,0.6,24.0,4.7,12.8,15:30,25.9,23.7,04:00,28.1,14:30,2018,08,28
605,605,2018-08-29,1.2,26.0,2.8,11.1,00:20,25.5,23.5,23:40,27.5,07:20,2018,08,29
606,606,2018-08-30,29.6,22.0,4.2,10.8,14:10,25.4,22.9,03:50,27.9,08:20,2018,08,30
607,607,2018-08-31,0.3,12.0,3.3,12.5,06:20,22.1,20.1,06:50,24.1,21:10,2018,08,31
608,608,2018-09-01,1.4,12.0,2.5,8.9,09:00,23.8,22.3,10:00,25.3,14:00,2018,09,01
609,609,2018-09-02,0.0,8.0,4.4,8.6,17:50,24.2,21.5,04:30,26.8,13:00,2018,09,02
610,610,2018-09-03,0.0,8.0,4.2,9.4,17:40,24.8,22.6,04:00,26.9,11:40,2018,09,03
611,611,2018-09-04,0.0,12.0,5.0,8.9,10:30,24.8,22.7,Varias,26.8,09:50,2018,09,04
612,612,2018-09-05,83.9,8.0,3.6,7.5,18:30,23.8,21.4,04:40,26.2,12:40,2018,09,05
613,613,2018-09-06,2.0,26.0,3.6,13.9,01:30,22.4,18.9,01:50,26.0,10:30,2018,09,06
614,614,2018-09-07,1.3,20.0,4.2,8.9,19:50,22.8,20.1,21:40,25.6,10:30,2018,09,07
615,615,2018-09-08,0.0,13.0,3.1,6.1,11:00,23.6,20.4,05:50,26.7,12:00,2018,09,08
616,616,2018-09-09,0.0,12.0,3.1,6.9,15:50,24.4,21.9,Varias,27.0,10:10,2018,09,09
617,617,2018-09-10,0.0,99.0,1.9,4.4,Varias,23.0,21.3,04:30,24.8,12:20,2018,09,10
618,618,2018-09-11,0.0,11.0,2.8,5.8,23:00,24.6,20.6,04:00,28.7,11:20,2018,09,11
619,619,2018-09-12,16.7,27.0,2.2,16.1,17:30,22.8,19.0,17:40,26.6,14:00,2018,09,12
620,620,2018-09-13,0.0,22.0,4.2,10.8,15:00,23.2,20.2,06:00,26.2,14:30,2018,09,13
621,621,2018-09-14,0.0,23.0,3.3,8.6,17:10,23.8,20.9,05:40,26.8,11:50,2018,09,14
622,622,2018-09-15,0.6,99.0,2.8,5.8,Varias,24.1,21.5,23:59,26.7,11:20,2018,09,15
623,623,2018-09-16,0.1,20.0,2.2,6.4,13:10,23.9,21.3,00:30,26.5,11:30,2018,09,16
624,624,2018-09-17,2.9,35.0,3.9,6.9,04:10,24.4,21.4,05:50,27.4,11:40,2018,09,17
625,625,2018-09-18,2.6,10.0,3.6,9.4,14:10,22.6,19.5,07:40,25.6,11:00,2018,09,18
626,626,2018-09-19,0.0,14.0,2.2,5.8,14:20,23.4,20.4,05:50,26.4,13:30,2018,09,19
627,627,2018-09-20,0.0,99.0,3.6,6.7,16:40,25.2,22.2,01:00,28.1,10:40,2018,09,20
628,628,2018-09-21,0.0,9.0,3.3,8.6,14:40,25.0,21.6,04:10,28.3,09:50,2018,09,21
629,629,2018-09-22,0.0,23.0,3.3,9.2,15:00,24.8,21.9,Varias,27.6,15:00,2018,09,22
630,630,2018-09-23,0.0,24.0,3.9,9.2,15:00,24.8,21.9,06:00,27.8,14:30,2018,09,23
631,631,2018-09-24,0.0,13.0,3.9,8.1,23:10,23.8,21.8,23:59,25.7,13:40,2018,09,24
632,632,2018-09-25,0.0,9.0,7.2,15.8,16:20,21.5,18.5,05:00,24.5,11:30,2018,09,25
633,633,2018-09-26,0.0,8.0,9.2,14.4,10:40,20.4,18.3,23:59,22.6,12:20,2018,09,26
634,634,2018-09-27,0.0,13.0,3.6,6.1,Varias,19.7,16.2,06:00,23.2,16:00,2018,09,27
635,635,2018-09-28,0.0,23.0,3.3,8.9,15:30,22.0,16.7,05:30,27.2,13:10,2018,09,28
636,636,2018-09-29,0.0,10.0,5.3,10.0,13:40,21.5,18.4,06:00,24.6,11:00,2018,09,29
637,637,2018-09-30,0.0,22.0,5.0,11.4,12:40,23.0,19.6,Varias,26.4,11:50,2018,09,30
638,638,2018-10-01,0.0,11.0,4.4,9.7,18:40,21.4,18.2,23:59,24.7,11:10,2018,10,01
639,639,2018-10-02,0.0,35.0,3.9,9.2,09:00,19.9,15.0,06:40,24.8,12:40,2018,10,02
640,640,2018-10-03,0.0,23.0,3.6,9.7,16:00,20.4,16.1,03:30,24.6,10:40,2018,10,03
641,641,2018-10-04,0.0,10.0,3.1,10.6,20:20,20.6,16.5,06:00,24.8,13:40,2018,10,04
642,642,2018-10-05,0.0,99.0,3.3,5.6,Varias,20.8,17.5,06:00,24.1,12:00,2018,10,05
643,643,2018-10-06,0.0,24.0,3.9,10.6,16:20,20.8,17.5,05:20,24.1,11:40,2018,10,06
644,644,2018-10-07,0.2,9.0,4.2,12.2,04:10,18.4,14.3,20:50,22.4,01:10,2018,10,07
645,645,2018-10-08,2.2,13.0,1.9,8.1,17:10,17.4,14.6,03:40,20.3,14:50,2018,10,08
646,646,2018-10-09,12.5,9.0,7.5,16.7,20:00,18.6,15.9,05:20,21.3,15:40,2018,10,09
647,647,2018-10-10,3.8,8.0,5.3,12.2,00:10,19.5,16.9,06:10,22.1,13:40,2018,10,10
648,648,2018-10-11,0.0,21.0,3.3,10.3,14:10,20.6,17.0,06:10,24.1,10:00,2018,10,11
649,649,2018-10-12,0.0,21.0,2.5,5.8,19:20,21.0,17.8,06:30,24.2,13:30,2018,10,12
650,650,2018-10-13,4.5,18.0,1.4,3.9,11:00,21.4,19.5,23:59,23.4,10:00,2018,10,13
651,651,2018-10-14,9.4,13.0,6.9,22.5,23:50,21.4,19.0,Varias,23.7,12:40,2018,10,14
652,652,2018-10-15,0.0,14.0,1.9,20.0,00:10,19.9,16.8,23:59,23.0,13:30,2018,10,15
653,653,2018-10-16,0.0,9.0,5.3,9.2,17:50,19.1,15.5,Varias,22.7,13:50,2018,10,16
654,654,2018-10-17,0.0,10.0,5.3,12.5,15:20,19.5,16.4,04:40,22.6,10:40,2018,10,17
655,655,2018-10-18,4.8,8.0,4.2,14.2,22:10,,,,,,2018,10,18
656,656,2018-10-19,15.5,8.0,5.6,12.8,02:10,,,,,,2018,10,19
657,657,2018-10-20,0.0,12.0,4.2,8.9,13:40,19.5,17.1,01:30,21.9,11:20,2018,10,20
658,658,2018-10-21,0.0,24.0,3.6,8.3,14:50,19.6,16.0,06:00,23.3,10:00,2018,10,21
659,659,2018-10-22,0.0,11.0,3.6,8.1,12:20,18.7,16.0,23:59,21.4,11:50,2018,10,22
660,660,2018-10-23,0.0,99.0,2.8,6.4,14:30,17.8,14.3,05:40,21.2,12:20,2018,10,23
661,661,2018-10-24,0.0,35.0,1.4,7.8,20:20,21.0,16.3,03:00,25.8,13:10,2018,10,24
662,662,2018-10-25,0.0,34.0,2.8,5.8,07:40,19.2,16.2,05:20,22.2,14:00,2018,10,25
663,663,2018-10-26,2.4,21.0,2.2,5.8,15:40,17.6,13.5,05:00,21.8,10:40,2018,10,26
664,664,2018-10-27,20.5,10.0,1.4,10.3,11:10,14.3,10.5,23:50,18.1,03:20,2018,10,27
665,665,2018-10-28,3.0,28.0,2.5,8.3,07:10,10.6,8.5,10:00,12.7,14:10,2018,10,28
666,666,2018-10-29,0.0,30.0,4.4,13.1,23:50,10.6,7.7,08:00,13.4,16:00,2018,10,29
667,667,2018-10-30,23.1,30.0,1.4,10.0,00:20,12.0,6.9,06:00,17.2,13:00,2018,10,30
668,668,2018-10-31,29.9,20.0,7.5,21.4,04:50,13.4,10.1,23:59,16.7,12:40,2018,10,31
669,669,2018-11-01,0.0,27.0,2.8,10.3,01:10,13.6,9.4,02:00,17.7,14:00,2018,11,01
670,670,2018-11-02,0.0,35.0,2.8,5.8,07:10,14.3,10.3,03:50,18.3,14:00,2018,11,02
671,671,2018-11-03,0.0,35.0,2.8,7.2,08:10,14.8,10.7,06:50,18.8,12:30,2018,11,03
672,672,2018-11-04,0.0,34.0,2.2,7.5,06:30,17.1,12.6,05:40,21.6,12:50,2018,11,04
673,673,2018-11-05,7.1,18.0,5.3,15.0,18:00,16.0,13.7,22:50,18.3,10:20,2018,11,05
674,674,2018-11-06,0.0,27.0,3.9,10.3,15:20,13.6,11.7,07:00,15.6,00:40,2018,11,06
675,675,2018-11-07,0.0,26.0,3.9,9.4,16:00,15.8,12.7,03:40,19.0,11:10,2018,11,07
676,676,2018-11-08,17.2,1.0,1.7,8.1,06:10,14.8,12.6,04:50,16.9,13:40,2018,11,08
677,677,2018-11-09,1.8,30.0,2.2,8.1,03:50,14.1,12.3,07:40,15.9,02:30,2018,11,09
678,678,2018-11-10,0.0,26.0,2.5,11.1,10:30,15.7,12.0,04:10,19.4,13:10,2018,11,10
679,679,2018-11-11,0.0,21.0,3.9,8.1,13:10,18.2,15.3,07:00,21.1,10:40,2018,11,11
680,680,2018-11-12,0.0,8.0,4.4,8.3,11:10,16.4,14.5,06:50,18.4,14:00,2018,11,12
681,681,2018-11-13,0.0,99.0,5.0,10.0,Varias,17.3,15.2,05:20,19.4,09:50,2018,11,13
682,682,2018-11-14,26.4,9.0,3.9,7.5,10:30,16.8,15.0,06:00,18.7,12:30,2018,11,14
683,683,2018-11-15,54.0,9.0,5.3,14.4,10:30,15.8,13.6,16:20,18.1,12:20,2018,11,15
684,684,2018-11-16,1.1,9.0,3.6,9.2,23:50,15.2,13.7,06:00,16.8,16:40,2018,11,16
685,685,2018-11-17,2.1,10.0,3.6,10.0,14:50,14.1,12.2,18:30,16.0,14:00,2018,11,17
686,686,2018-11-18,7.9,9.0,9.7,16.1,14:10,13.2,11.2,08:20,15.2,22:30,2018,11,18
687,687,2018-11-19,4.1,9.0,5.3,12.2,12:10,13.0,11.1,Varias,14.9,12:50,2018,11,19
688,688,2018-11-20,2.3,31.0,1.9,10.0,00:10,13.0,9.8,00:40,16.1,12:50,2018,11,20
689,689,2018-11-21,0.0,21.0,1.9,7.5,13:30,14.6,10.6,04:50,18.6,14:40,2018,11,21
690,690,2018-11-22,0.0,32.0,1.9,4.2,11:40,14.0,9.8,06:30,18.3,11:10,2018,11,22
691,691,2018-11-23,2.5,31.0,2.5,8.3,18:20,12.0,10.4,23:20,13.5,16:30,2018,11,23
692,692,2018-11-24,0.0,30.0,2.5,6.4,19:30,12.0,8.3,05:20,15.8,14:00,2018,11,24
693,693,2018-11-25,0.8,31.0,2.8,9.2,17:30,13.0,10.3,03:40,15.7,13:00,2018,11,25
694,694,2018-11-26,3.2,32.0,3.9,12.2,17:50,11.6,8.7,09:50,14.6,14:50,2018,11,26
695,695,2018-11-27,0.0,32.0,3.1,9.2,05:20,12.6,9.1,06:10,16.0,14:30,2018,11,27
696,696,2018-11-28,0.0,32.0,1.4,8.6,09:20,13.3,8.6,06:00,18.0,12:50,2018,11,28
697,697,2018-11-29,0.0,23.0,1.9,6.4,12:20,11.8,7.7,07:10,15.8,11:50,2018,11,29
698,698,2018-11-30,0.4,29.0,2.2,6.7,05:10,12.3,9.6,23:30,15.0,11:50,2018,11,30
699,699,2018-12-01,0.0,30.0,1.4,7.5,15:50,12.0,9.1,07:20,14.9,13:50,2018,12,01
700,700,2018-12-02,0.0,28.0,2.5,7.8,12:40,14.1,10.5,05:00,17.7,13:10,2018,12,02
701,701,2018-12-03,0.0,30.0,1.9,10.8,15:50,15.3,11.5,04:20,19.1,11:50,2018,12,03
702,702,2018-12-04,0.0,35.0,2.2,8.3,01:10,16.2,12.3,07:50,20.1,12:20,2018,12,04
703,703,2018-12-05,0.0,26.0,3.1,6.7,18:00,13.8,9.4,06:30,18.2,12:00,2018,12,05
704,704,2018-12-06,0.0,36.0,1.7,5.8,08:30,13.8,10.7,23:59,17.0,13:20,2018,12,06
705,705,2018-12-07,0.0,32.0,2.5,9.2,15:40,11.7,9.7,02:30,13.7,13:00,2018,12,07
706,706,2018-12-08,0.0,99.0,2.2,6.9,Varias,12.4,9.4,02:00,15.3,13:30,2018,12,08
707,707,2018-12-09,0.0,29.0,2.2,10.8,13:40,13.6,8.9,07:10,18.4,15:00,2018,12,09
708,708,2018-12-10,0.0,34.0,2.5,8.6,07:20,12.1,8.9,23:59,15.3,14:50,2018,12,10
709,709,2018-12-11,0.0,2.0,2.2,6.4,05:20,10.7,6.6,05:00,14.8,12:40,2018,12,11
710,710,2018-12-12,0.0,99.0,1.4,5.3,Varias,12.0,8.9,01:50,15.1,13:20,2018,12,12
711,711,2018-12-13,5.6,34.0,1.4,5.8,11:50,11.4,9.8,23:59,13.0,Varias,2018,12,13
712,712,2018-12-14,0.0,36.0,1.4,5.8,05:00,11.4,9.1,07:50,13.6,12:10,2018,12,14
713,713,2018-12-15,0.0,32.0,3.3,8.6,10:00,11.6,8.4,06:00,14.7,13:50,2018,12,15
714,714,2018-12-16,0.0,29.0,2.5,13.6,23:50,13.4,11.9,08:20,14.9,14:40,2018,12,16
715,715,2018-12-17,0.0,30.0,3.3,13.1,00:20,12.8,9.3,23:59,16.2,12:50,2018,12,17
716,716,2018-12-18,0.0,27.0,2.8,7.5,12:10,10.8,7.0,05:30,14.7,14:00,2018,12,18
717,717,2018-12-19,0.0,30.0,3.3,15.0,14:50,13.4,9.7,02:40,17.0,13:20,2018,12,19
718,718,2018-12-20,0.0,30.0,1.9,7.5,13:30,12.3,8.4,07:40,16.2,15:20,2018,12,20
719,719,2018-12-21,0.0,26.0,2.5,7.8,12:50,12.3,7.5,01:40,17.1,14:30,2018,12,21
720,720,2018-12-22,0.0,28.0,0.8,6.4,00:30,14.2,10.5,07:40,18.0,13:00,2018,12,22
721,721,2018-12-23,0.0,36.0,3.1,6.4,03:50,13.8,8.9,06:20,18.7,13:10,2018,12,23
722,722,2018-12-24,0.0,36.0,2.2,5.3,23:30,15.1,10.7,07:50,19.5,12:30,2018,12,24
723,723,2018-12-25,0.0,35.0,1.9,5.3,01:10,12.7,8.9,06:00,16.5,11:20,2018,12,25
724,724,2018-12-26,0.0,20.0,1.7,5.3,14:10,11.0,7.1,06:50,15.0,13:40,2018,12,26
725,725,2018-12-27,0.0,33.0,2.2,5.3,09:20,12.0,8.6,23:59,15.3,13:50,2018,12,27
726,726,2018-12-28,0.0,36.0,1.9,5.3,22:10,10.7,6.6,06:20,14.8,14:30,2018,12,28
727,727,2018-12-29,0.0,35.0,2.2,6.4,05:40,10.3,6.2,07:10,14.4,15:00,2018,12,29
728,728,2018-12-30,0.0,35.0,2.5,6.7,23:10,11.4,5.1,07:00,17.8,14:50,2018,12,30
729,729,2018-12-31,0.0,35.0,2.8,7.5,01:00,11.8,6.5,08:00,17.1,14:20,2018,12,31
