id,name,geoid,geoname,value,datetime
10024,PBF_total,,,27253.3,2019-07-21T00:00:00+02:00
10024,PBF_total,,,26056.7,2019-07-21T01:00:00+02:00
10024,PBF_total,,,24812.3,2019-07-21T02:00:00+02:00
10024,PBF_total,,,23842.3,2019-07-21T03:00:00+02:00
10024,PBF_total,,,23365.2,2019-07-21T04:00:00+02:00
10024,PBF_total,,,22948.4,2019-07-21T05:00:00+02:00
10024,PBF_total,,,22515.3,2019-07-21T06:00:00+02:00
10024,PBF_total,,,21849.5,2019-07-21T07:00:00+02:00
10024,PBF_total,,,23327.6,2019-07-21T08:00:00+02:00
10024,PBF_total,,,25475.6,2019-07-21T09:00:00+02:00
10024,PBF_total,,,27630.2,2019-07-21T10:00:00+02:00
10024,PBF_total,,,28805.4,2019-07-21T11:00:00+02:00
10024,PBF_total,,,29339.5,2019-07-21T12:00:00+02:00
10024,PBF_total,,,29615.1,2019-07-21T13:00:00+02:00
10024,PBF_total,,,29646.1,2019-07-21T14:00:00+02:00
10024,PBF_total,,,29531.1,2019-07-21T15:00:00+02:00
10024,PBF_total,,,29728.3,2019-07-21T16:00:00+02:00
10024,PBF_total,,,29380.1,2019-07-21T17:00:00+02:00
10024,PBF_total,,,28885.3,2019-07-21T18:00:00+02:00
10024,PBF_total,,,28760.5,2019-07-21T19:00:00+02:00
10024,PBF_total,,,28768.2,2019-07-21T20:00:00+02:00
10024,PBF_total,,,29299.8,2019-07-21T21:00:00+02:00
10024,PBF_total,,,29753.1,2019-07-21T22:00:00+02:00
10024,PBF_total,,,29220.1,2019-07-21T23:00:00+02:00
10024,PBF_total,,,27544.2,2019-07-22T00:00:00+02:00
10024,PBF_total,,,25930.6,2019-07-22T01:00:00+02:00
10024,PBF_total,,,24761.4,2019-07-22T02:00:00+02:00
10024,PBF_total,,,24136.4,2019-07-22T03:00:00+02:00
10024,PBF_total,,,23467.9,2019-07-22T04:00:00+02:00
10024,PBF_total,,,23683,2019-07-22T05:00:00+02:00
10024,PBF_total,,,25621.3,2019-07-22T06:00:00+02:00
10024,PBF_total,,,27929.9,2019-07-22T07:00:00+02:00
10024,PBF_total,,,29759.3,2019-07-22T08:00:00+02:00
10024,PBF_total,,,31450,2019-07-22T09:00:00+02:00
10024,PBF_total,,,33930,2019-07-22T10:00:00+02:00
10024,PBF_total,,,35637.2,2019-07-22T11:00:00+02:00
10024,PBF_total,,,36919.9,2019-07-22T12:00:00+02:00
10024,PBF_total,,,37608.8,2019-07-22T13:00:00+02:00
10024,PBF_total,,,38045.5,2019-07-22T14:00:00+02:00
10024,PBF_total,,,37826.5,2019-07-22T15:00:00+02:00
10024,PBF_total,,,37155.1,2019-07-22T16:00:00+02:00
10024,PBF_total,,,36637.9,2019-07-22T17:00:00+02:00
10024,PBF_total,,,36217.8,2019-07-22T18:00:00+02:00
10024,PBF_total,,,35531.4,2019-07-22T19:00:00+02:00
10024,PBF_total,,,35509.6,2019-07-22T20:00:00+02:00
10024,PBF_total,,,34119.9,2019-07-22T21:00:00+02:00
10024,PBF_total,,,33316.5,2019-07-22T22:00:00+02:00
10024,PBF_total,,,31427.2,2019-07-22T23:00:00+02:00
370,SolarPV,,,100,2019-07-21T08:00:00+02:00
370,SolarPV,,,-300,2019-07-21T09:00:00+02:00
370,SolarPV,,,-500,2019-07-21T10:00:00+02:00
370,SolarPV,,,-100,2019-07-21T11:00:00+02:00
370,SolarPV,,,-100,2019-07-21T12:00:00+02:00
370,SolarPV,,,-100,2019-07-21T13:00:00+02:00
370,SolarPV,,,-100,2019-07-21T14:00:00+02:00
370,SolarPV,,,-100,2019-07-21T15:00:00+02:00
370,SolarPV,,,100,2019-07-21T16:00:00+02:00
370,SolarPV,,,100,2019-07-21T17:00:00+02:00
370,SolarPV,,,100,2019-07-21T19:00:00+02:00
370,SolarPV,,,-200,2019-07-22T09:00:00+02:00
370,SolarPV,,,-200,2019-07-22T10:00:00+02:00
370,SolarPV,,,200,2019-07-22T11:00:00+02:00
370,SolarPV,,,300,2019-07-22T12:00:00+02:00
370,SolarPV,,,400,2019-07-22T13:00:00+02:00
370,SolarPV,,,300,2019-07-22T14:00:00+02:00
370,SolarPV,,,300,2019-07-22T15:00:00+02:00
370,SolarPV,,,400,2019-07-22T16:00:00+02:00
370,SolarPV,,,500,2019-07-22T17:00:00+02:00
370,SolarPV,,,300,2019-07-22T18:00:00+02:00
370,SolarPV,,,350,2019-07-22T19:00:00+02:00
370,SolarPV,,,200,2019-07-22T20:00:00+02:00
370,SolarPV,,,100,2019-07-22T21:00:00+02:00
370,SolarPV,,,200,2019-07-22T22:00:00+02:00
370,SolarPV,,,200,2019-07-22T23:00:00+02:00
92,Biogas,,,90.8,2019-07-21T00:00:00+02:00
92,Biogas,,,90.8,2019-07-21T01:00:00+02:00
92,Biogas,,,90.8,2019-07-21T02:00:00+02:00
92,Biogas,,,90.7,2019-07-21T03:00:00+02:00
92,Biogas,,,91.3,2019-07-21T04:00:00+02:00
92,Biogas,,,91.3,2019-07-21T05:00:00+02:00
92,Biogas,,,91.4,2019-07-21T06:00:00+02:00
92,Biogas,,,89.9,2019-07-21T07:00:00+02:00
92,Biogas,,,92.1,2019-07-21T08:00:00+02:00
92,Biogas,,,91.9,2019-07-21T09:00:00+02:00
92,Biogas,,,92,2019-07-21T10:00:00+02:00
92,Biogas,,,92.5,2019-07-21T11:00:00+02:00
92,Biogas,,,92.2,2019-07-21T12:00:00+02:00
92,Biogas,,,94,2019-07-21T13:00:00+02:00
92,Biogas,,,93.5,2019-07-21T14:00:00+02:00
92,Biogas,,,93.8,2019-07-21T15:00:00+02:00
92,Biogas,,,92.5,2019-07-21T16:00:00+02:00
92,Biogas,,,92.4,2019-07-21T17:00:00+02:00
92,Biogas,,,92.2,2019-07-21T18:00:00+02:00
92,Biogas,,,92.7,2019-07-21T19:00:00+02:00
92,Biogas,,,94.2,2019-07-21T20:00:00+02:00
92,Biogas,,,93.6,2019-07-21T21:00:00+02:00
92,Biogas,,,93.5,2019-07-21T22:00:00+02:00
92,Biogas,,,93.5,2019-07-21T23:00:00+02:00
92,Biogas,,,89.9,2019-07-22T00:00:00+02:00
92,Biogas,,,89.9,2019-07-22T01:00:00+02:00
92,Biogas,,,89.8,2019-07-22T02:00:00+02:00
92,Biogas,,,90.1,2019-07-22T03:00:00+02:00
92,Biogas,,,89.9,2019-07-22T04:00:00+02:00
92,Biogas,,,89.5,2019-07-22T05:00:00+02:00
92,Biogas,,,90.7,2019-07-22T06:00:00+02:00
92,Biogas,,,89.8,2019-07-22T07:00:00+02:00
92,Biogas,,,89.3,2019-07-22T08:00:00+02:00
92,Biogas,,,94.7,2019-07-22T09:00:00+02:00
92,Biogas,,,94.8,2019-07-22T10:00:00+02:00
92,Biogas,,,95.2,2019-07-22T11:00:00+02:00
92,Biogas,,,95.8,2019-07-22T12:00:00+02:00
92,Biogas,,,96.6,2019-07-22T13:00:00+02:00
92,Biogas,,,96.3,2019-07-22T14:00:00+02:00
92,Biogas,,,96.4,2019-07-22T15:00:00+02:00
92,Biogas,,,96.7,2019-07-22T16:00:00+02:00
92,Biogas,,,96.7,2019-07-22T17:00:00+02:00
92,Biogas,,,97,2019-07-22T18:00:00+02:00
92,Biogas,,,96.6,2019-07-22T19:00:00+02:00
92,Biogas,,,96.4,2019-07-22T20:00:00+02:00
92,Biogas,,,97.5,2019-07-22T21:00:00+02:00
92,Biogas,,,91.7,2019-07-22T22:00:00+02:00
92,Biogas,,,91.6,2019-07-22T23:00:00+02:00
91,Biomass,,,327.9,2019-07-21T00:00:00+02:00
91,Biomass,,,327.7,2019-07-21T01:00:00+02:00
91,Biomass,,,339.1,2019-07-21T02:00:00+02:00
91,Biomass,,,350.8,2019-07-21T03:00:00+02:00
91,Biomass,,,350.5,2019-07-21T04:00:00+02:00
91,Biomass,,,349.7,2019-07-21T05:00:00+02:00
91,Biomass,,,348.3,2019-07-21T06:00:00+02:00
91,Biomass,,,346.6,2019-07-21T07:00:00+02:00
91,Biomass,,,351,2019-07-21T08:00:00+02:00
91,Biomass,,,344.9,2019-07-21T09:00:00+02:00
91,Biomass,,,344.7,2019-07-21T10:00:00+02:00
91,Biomass,,,343,2019-07-21T11:00:00+02:00
91,Biomass,,,342,2019-07-21T12:00:00+02:00
91,Biomass,,,342.4,2019-07-21T13:00:00+02:00
91,Biomass,,,339.6,2019-07-21T14:00:00+02:00
91,Biomass,,,342,2019-07-21T15:00:00+02:00
91,Biomass,,,342,2019-07-21T16:00:00+02:00
91,Biomass,,,340.6,2019-07-21T17:00:00+02:00
91,Biomass,,,340.7,2019-07-21T18:00:00+02:00
91,Biomass,,,342.2,2019-07-21T19:00:00+02:00
91,Biomass,,,342.2,2019-07-21T20:00:00+02:00
91,Biomass,,,338.9,2019-07-21T21:00:00+02:00
91,Biomass,,,339.3,2019-07-21T22:00:00+02:00
91,Biomass,,,341.2,2019-07-21T23:00:00+02:00
91,Biomass,,,334.3,2019-07-22T00:00:00+02:00
91,Biomass,,,333,2019-07-22T01:00:00+02:00
91,Biomass,,,333.7,2019-07-22T02:00:00+02:00
91,Biomass,,,333.5,2019-07-22T03:00:00+02:00
91,Biomass,,,333.7,2019-07-22T04:00:00+02:00
91,Biomass,,,334.3,2019-07-22T05:00:00+02:00
91,Biomass,,,336.2,2019-07-22T06:00:00+02:00
91,Biomass,,,337.1,2019-07-22T07:00:00+02:00
91,Biomass,,,340.5,2019-07-22T08:00:00+02:00
91,Biomass,,,341.1,2019-07-22T09:00:00+02:00
91,Biomass,,,340.6,2019-07-22T10:00:00+02:00
91,Biomass,,,334.5,2019-07-22T11:00:00+02:00
91,Biomass,,,334.5,2019-07-22T12:00:00+02:00
91,Biomass,,,334.6,2019-07-22T13:00:00+02:00
91,Biomass,,,333.7,2019-07-22T14:00:00+02:00
91,Biomass,,,308.2,2019-07-22T15:00:00+02:00
91,Biomass,,,308.2,2019-07-22T16:00:00+02:00
91,Biomass,,,306.9,2019-07-22T17:00:00+02:00
91,Biomass,,,308,2019-07-22T18:00:00+02:00
91,Biomass,,,307.2,2019-07-22T19:00:00+02:00
91,Biomass,,,307.8,2019-07-22T20:00:00+02:00
91,Biomass,,,301.6,2019-07-22T21:00:00+02:00
91,Biomass,,,307.2,2019-07-22T22:00:00+02:00
91,Biomass,,,301.8,2019-07-22T23:00:00+02:00
79,CHP,,,7555.6,2019-07-21T00:00:00+02:00
79,CHP,,,7191.8,2019-07-21T01:00:00+02:00
79,CHP,,,6310,2019-07-21T02:00:00+02:00
79,CHP,,,6340.2,2019-07-21T03:00:00+02:00
79,CHP,,,6418.1,2019-07-21T04:00:00+02:00
79,CHP,,,6623.6,2019-07-21T05:00:00+02:00
79,CHP,,,6875,2019-07-21T06:00:00+02:00
79,CHP,,,6725.8,2019-07-21T07:00:00+02:00
79,CHP,,,7376.3,2019-07-21T08:00:00+02:00
79,CHP,,,8285.3,2019-07-21T09:00:00+02:00
79,CHP,,,8381.5,2019-07-21T10:00:00+02:00
79,CHP,,,8357.3,2019-07-21T11:00:00+02:00
79,CHP,,,8313.9,2019-07-21T12:00:00+02:00
79,CHP,,,8280.2,2019-07-21T13:00:00+02:00
79,CHP,,,8176,2019-07-21T14:00:00+02:00
79,CHP,,,8044.6,2019-07-21T15:00:00+02:00
79,CHP,,,7918.8,2019-07-21T16:00:00+02:00
79,CHP,,,7898.4,2019-07-21T17:00:00+02:00
79,CHP,,,7989,2019-07-21T18:00:00+02:00
79,CHP,,,8117.1,2019-07-21T19:00:00+02:00
79,CHP,,,8623.4,2019-07-21T20:00:00+02:00
79,CHP,,,8590.1,2019-07-21T21:00:00+02:00
79,CHP,,,8426,2019-07-21T22:00:00+02:00
79,CHP,,,8452.9,2019-07-21T23:00:00+02:00
79,CHP,,,8239.2,2019-07-22T00:00:00+02:00
79,CHP,,,7380.4,2019-07-22T01:00:00+02:00
79,CHP,,,6935.3,2019-07-22T02:00:00+02:00
79,CHP,,,6815.1,2019-07-22T03:00:00+02:00
79,CHP,,,6483.5,2019-07-22T04:00:00+02:00
79,CHP,,,6976.4,2019-07-22T05:00:00+02:00
79,CHP,,,8814.2,2019-07-22T06:00:00+02:00
79,CHP,,,10518.3,2019-07-22T07:00:00+02:00
79,CHP,,,11234,2019-07-22T08:00:00+02:00
79,CHP,,,11466.3,2019-07-22T09:00:00+02:00
79,CHP,,,11580.9,2019-07-22T10:00:00+02:00
79,CHP,,,11287.1,2019-07-22T11:00:00+02:00
79,CHP,,,11381,2019-07-22T12:00:00+02:00
79,CHP,,,11475.3,2019-07-22T13:00:00+02:00
79,CHP,,,11522.2,2019-07-22T14:00:00+02:00
79,CHP,,,11480.7,2019-07-22T15:00:00+02:00
79,CHP,,,11437.1,2019-07-22T16:00:00+02:00
79,CHP,,,11427.9,2019-07-22T17:00:00+02:00
79,CHP,,,11512,2019-07-22T18:00:00+02:00
79,CHP,,,11504.7,2019-07-22T19:00:00+02:00
79,CHP,,,11598.5,2019-07-22T20:00:00+02:00
79,CHP,,,11615,2019-07-22T21:00:00+02:00
79,CHP,,,10974.7,2019-07-22T22:00:00+02:00
79,CHP,,,10055.9,2019-07-22T23:00:00+02:00
95,Hydro turbine,,,-52,2019-07-21T01:00:00+02:00
95,Hydro turbine,,,-52,2019-07-21T02:00:00+02:00
95,Hydro turbine,,,-83.7,2019-07-21T03:00:00+02:00
95,Hydro turbine,,,-72.6,2019-07-21T04:00:00+02:00
95,Hydro turbine,,,-50,2019-07-21T05:00:00+02:00
95,Hydro turbine,,,-50,2019-07-21T06:00:00+02:00
95,Hydro turbine,,,-102.2,2019-07-21T07:00:00+02:00
95,Hydro turbine,,,-109.9,2019-07-21T15:00:00+02:00
95,Hydro turbine,,,-156,2019-07-21T16:00:00+02:00
95,Hydro turbine,,,-156,2019-07-21T17:00:00+02:00
95,Hydro turbine,,,-156,2019-07-21T18:00:00+02:00
95,Hydro turbine,,,-156,2019-07-21T19:00:00+02:00
95,Hydro turbine,,,-156,2019-07-21T20:00:00+02:00
95,Hydro turbine,,,-156,2019-07-21T21:00:00+02:00
95,Hydro turbine,,,-156,2019-07-21T22:00:00+02:00
95,Hydro turbine,,,-156,2019-07-21T23:00:00+02:00
95,Hydro turbine,,,-156,2019-07-22T00:00:00+02:00
95,Hydro turbine,,,-206,2019-07-22T01:00:00+02:00
95,Hydro turbine,,,-206,2019-07-22T02:00:00+02:00
95,Hydro turbine,,,-206,2019-07-22T03:00:00+02:00
95,Hydro turbine,,,-206,2019-07-22T04:00:00+02:00
95,Hydro turbine,,,-306,2019-07-22T05:00:00+02:00
95,Hydro turbine,,,-193.5,2019-07-22T06:00:00+02:00
95,Hydro turbine,,,-156,2019-07-22T07:00:00+02:00
95,Hydro turbine,,,-104,2019-07-22T08:00:00+02:00
95,Hydro turbine,,,-19.6,2019-07-22T09:00:00+02:00
95,Hydro turbine,,,-52,2019-07-22T10:00:00+02:00
95,Hydro turbine,,,-52.2,2019-07-22T11:00:00+02:00
95,Hydro turbine,,,-104,2019-07-22T12:00:00+02:00
95,Hydro turbine,,,-119.3,2019-07-22T13:00:00+02:00
95,Hydro turbine,,,-156,2019-07-22T14:00:00+02:00
95,Hydro turbine,,,-61,2019-07-22T15:00:00+02:00
95,Hydro turbine,,,-52,2019-07-22T16:00:00+02:00
95,Hydro turbine,,,-52,2019-07-22T17:00:00+02:00
95,Hydro turbine,,,-58.4,2019-07-22T18:00:00+02:00
95,Hydro turbine,,,-156,2019-07-22T19:00:00+02:00
95,Hydro turbine,,,-156,2019-07-22T20:00:00+02:00
95,Hydro turbine,,,-156,2019-07-22T21:00:00+02:00
95,Hydro turbine,,,-156,2019-07-22T22:00:00+02:00
95,Hydro turbine,,,-156,2019-07-22T23:00:00+02:00
88,Coal,,,262.8,2019-07-21T00:00:00+02:00
88,Coal,,,262.8,2019-07-21T01:00:00+02:00
88,Coal,,,246.9,2019-07-21T02:00:00+02:00
88,Coal,,,246.9,2019-07-21T03:00:00+02:00
88,Coal,,,256,2019-07-21T04:00:00+02:00
88,Coal,,,262.8,2019-07-21T05:00:00+02:00
88,Coal,,,257.8,2019-07-21T06:00:00+02:00
88,Coal,,,253,2019-07-21T07:00:00+02:00
88,Coal,,,253.3,2019-07-21T08:00:00+02:00
88,Coal,,,258.3,2019-07-21T09:00:00+02:00
88,Coal,,,260.1,2019-07-21T10:00:00+02:00
88,Coal,,,258.3,2019-07-21T11:00:00+02:00
88,Coal,,,258.3,2019-07-21T12:00:00+02:00
88,Coal,,,258,2019-07-21T13:00:00+02:00
88,Coal,,,258,2019-07-21T14:00:00+02:00
88,Coal,,,258,2019-07-21T15:00:00+02:00
88,Coal,,,264.8,2019-07-21T16:00:00+02:00
88,Coal,,,264.8,2019-07-21T17:00:00+02:00
88,Coal,,,261,2019-07-21T18:00:00+02:00
88,Coal,,,269.7,2019-07-21T19:00:00+02:00
88,Coal,,,263.5,2019-07-21T20:00:00+02:00
88,Coal,,,263.5,2019-07-21T21:00:00+02:00
88,Coal,,,263.8,2019-07-21T22:00:00+02:00
88,Coal,,,263.8,2019-07-21T23:00:00+02:00
88,Coal,,,267.2,2019-07-22T00:00:00+02:00
88,Coal,,,268.3,2019-07-22T01:00:00+02:00
88,Coal,,,268.3,2019-07-22T02:00:00+02:00
88,Coal,,,268.3,2019-07-22T03:00:00+02:00
88,Coal,,,268.3,2019-07-22T04:00:00+02:00
88,Coal,,,268.3,2019-07-22T05:00:00+02:00
88,Coal,,,279.5,2019-07-22T06:00:00+02:00
88,Coal,,,290.7,2019-07-22T07:00:00+02:00
88,Coal,,,334.5,2019-07-22T08:00:00+02:00
88,Coal,,,340.5,2019-07-22T09:00:00+02:00
88,Coal,,,340.9,2019-07-22T10:00:00+02:00
88,Coal,,,332.8,2019-07-22T11:00:00+02:00
88,Coal,,,332.8,2019-07-22T12:00:00+02:00
88,Coal,,,340.9,2019-07-22T13:00:00+02:00
88,Coal,,,340.9,2019-07-22T14:00:00+02:00
88,Coal,,,340.6,2019-07-22T15:00:00+02:00
88,Coal,,,340.6,2019-07-22T16:00:00+02:00
88,Coal,,,340.6,2019-07-22T17:00:00+02:00
88,Coal,,,340.6,2019-07-22T18:00:00+02:00
88,Coal,,,341.5,2019-07-22T19:00:00+02:00
88,Coal,,,338.1,2019-07-22T20:00:00+02:00
88,Coal,,,347.3,2019-07-22T21:00:00+02:00
88,Coal,,,349.5,2019-07-22T22:00:00+02:00
88,Coal,,,345.4,2019-07-22T23:00:00+02:00
96,Balearic_exportation,,,-266,2019-07-21T00:00:00+02:00
96,Balearic_exportation,,,-235,2019-07-21T01:00:00+02:00
96,Balearic_exportation,,,-235,2019-07-21T02:00:00+02:00
96,Balearic_exportation,,,-204,2019-07-21T03:00:00+02:00
96,Balearic_exportation,,,-204,2019-07-21T04:00:00+02:00
96,Balearic_exportation,,,-204,2019-07-21T05:00:00+02:00
96,Balearic_exportation,,,-204,2019-07-21T06:00:00+02:00
96,Balearic_exportation,,,-235,2019-07-21T07:00:00+02:00
96,Balearic_exportation,,,-266,2019-07-21T08:00:00+02:00
96,Balearic_exportation,,,-286,2019-07-21T09:00:00+02:00
96,Balearic_exportation,,,-286,2019-07-21T10:00:00+02:00
96,Balearic_exportation,,,-306,2019-07-21T11:00:00+02:00
96,Balearic_exportation,,,-306,2019-07-21T12:00:00+02:00
96,Balearic_exportation,,,-306,2019-07-21T13:00:00+02:00
96,Balearic_exportation,,,-306,2019-07-21T14:00:00+02:00
96,Balearic_exportation,,,-306,2019-07-21T15:00:00+02:00
96,Balearic_exportation,,,-306,2019-07-21T16:00:00+02:00
96,Balearic_exportation,,,-306,2019-07-21T17:00:00+02:00
96,Balearic_exportation,,,-306,2019-07-21T18:00:00+02:00
96,Balearic_exportation,,,-306,2019-07-21T19:00:00+02:00
96,Balearic_exportation,,,-306,2019-07-21T20:00:00+02:00
96,Balearic_exportation,,,-306,2019-07-21T21:00:00+02:00
96,Balearic_exportation,,,-306,2019-07-21T22:00:00+02:00
96,Balearic_exportation,,,-286,2019-07-21T23:00:00+02:00
96,Balearic_exportation,,,-204,2019-07-22T00:00:00+02:00
96,Balearic_exportation,,,-179,2019-07-22T01:00:00+02:00
96,Balearic_exportation,,,-153,2019-07-22T02:00:00+02:00
96,Balearic_exportation,,,-128,2019-07-22T03:00:00+02:00
96,Balearic_exportation,,,-128,2019-07-22T04:00:00+02:00
96,Balearic_exportation,,,-128,2019-07-22T05:00:00+02:00
96,Balearic_exportation,,,-153,2019-07-22T06:00:00+02:00
96,Balearic_exportation,,,-179,2019-07-22T07:00:00+02:00
96,Balearic_exportation,,,-235,2019-07-22T08:00:00+02:00
96,Balearic_exportation,,,-286,2019-07-22T09:00:00+02:00
96,Balearic_exportation,,,-306,2019-07-22T10:00:00+02:00
96,Balearic_exportation,,,-306,2019-07-22T11:00:00+02:00
96,Balearic_exportation,,,-306,2019-07-22T12:00:00+02:00
96,Balearic_exportation,,,-306,2019-07-22T13:00:00+02:00
96,Balearic_exportation,,,-306,2019-07-22T14:00:00+02:00
96,Balearic_exportation,,,-306,2019-07-22T15:00:00+02:00
96,Balearic_exportation,,,-306,2019-07-22T16:00:00+02:00
96,Balearic_exportation,,,-306,2019-07-22T17:00:00+02:00
96,Balearic_exportation,,,-306,2019-07-22T18:00:00+02:00
96,Balearic_exportation,,,-306,2019-07-22T19:00:00+02:00
96,Balearic_exportation,,,-306,2019-07-22T20:00:00+02:00
96,Balearic_exportation,,,-306,2019-07-22T21:00:00+02:00
96,Balearic_exportation,,,-306,2019-07-22T22:00:00+02:00
96,Balearic_exportation,,,-286,2019-07-22T23:00:00+02:00
82,Wind,,,6456.7,2019-07-21T00:00:00+02:00
82,Wind,,,6144.4,2019-07-21T01:00:00+02:00
82,Wind,,,5604.8,2019-07-21T02:00:00+02:00
82,Wind,,,4907,2019-07-21T03:00:00+02:00
82,Wind,,,4287.9,2019-07-21T04:00:00+02:00
82,Wind,,,3680.4,2019-07-21T05:00:00+02:00
82,Wind,,,3173.9,2019-07-21T06:00:00+02:00
82,Wind,,,2709.8,2019-07-21T07:00:00+02:00
82,Wind,,,2270.8,2019-07-21T08:00:00+02:00
82,Wind,,,1890.5,2019-07-21T09:00:00+02:00
82,Wind,,,1884.7,2019-07-21T10:00:00+02:00
82,Wind,,,1943.1,2019-07-21T11:00:00+02:00
82,Wind,,,2247,2019-07-21T12:00:00+02:00
82,Wind,,,2534.1,2019-07-21T13:00:00+02:00
82,Wind,,,2879.9,2019-07-21T14:00:00+02:00
82,Wind,,,3185.2,2019-07-21T15:00:00+02:00
82,Wind,,,3663.9,2019-07-21T16:00:00+02:00
82,Wind,,,4066.7,2019-07-21T17:00:00+02:00
82,Wind,,,4522.9,2019-07-21T18:00:00+02:00
82,Wind,,,5071,2019-07-21T19:00:00+02:00
82,Wind,,,5612.4,2019-07-21T20:00:00+02:00
82,Wind,,,6138.8,2019-07-21T21:00:00+02:00
82,Wind,,,6399.2,2019-07-21T22:00:00+02:00
82,Wind,,,6645.1,2019-07-21T23:00:00+02:00
82,Wind,,,5993,2019-07-22T00:00:00+02:00
82,Wind,,,5655.2,2019-07-22T01:00:00+02:00
82,Wind,,,5296.7,2019-07-22T02:00:00+02:00
82,Wind,,,4862.8,2019-07-22T03:00:00+02:00
82,Wind,,,4404.3,2019-07-22T04:00:00+02:00
82,Wind,,,4100,2019-07-22T05:00:00+02:00
82,Wind,,,4053.3,2019-07-22T06:00:00+02:00
82,Wind,,,3871.5,2019-07-22T07:00:00+02:00
82,Wind,,,3587.2,2019-07-22T08:00:00+02:00
82,Wind,,,3469,2019-07-22T09:00:00+02:00
82,Wind,,,3334.6,2019-07-22T10:00:00+02:00
82,Wind,,,3516.5,2019-07-22T11:00:00+02:00
82,Wind,,,3931.9,2019-07-22T12:00:00+02:00
82,Wind,,,4485.4,2019-07-22T13:00:00+02:00
82,Wind,,,5030.9,2019-07-22T14:00:00+02:00
82,Wind,,,5611.3,2019-07-22T15:00:00+02:00
82,Wind,,,5856.3,2019-07-22T16:00:00+02:00
82,Wind,,,6033.1,2019-07-22T17:00:00+02:00
82,Wind,,,6379,2019-07-22T18:00:00+02:00
82,Wind,,,6597.5,2019-07-22T19:00:00+02:00
82,Wind,,,6545.2,2019-07-22T20:00:00+02:00
82,Wind,,,6444.4,2019-07-22T21:00:00+02:00
82,Wind,,,6357.7,2019-07-22T22:00:00+02:00
82,Wind,,,5806,2019-07-22T23:00:00+02:00
87,Natural_gas,,,3043.5,2019-07-21T00:00:00+02:00
87,Natural_gas,,,3026.1,2019-07-21T01:00:00+02:00
87,Natural_gas,,,3014.8,2019-07-21T02:00:00+02:00
87,Natural_gas,,,3012.5,2019-07-21T03:00:00+02:00
87,Natural_gas,,,3013.3,2019-07-21T04:00:00+02:00
87,Natural_gas,,,3017.1,2019-07-21T05:00:00+02:00
87,Natural_gas,,,3016.9,2019-07-21T06:00:00+02:00
87,Natural_gas,,,3018.3,2019-07-21T07:00:00+02:00
87,Natural_gas,,,2968.4,2019-07-21T08:00:00+02:00
87,Natural_gas,,,2973.6,2019-07-21T09:00:00+02:00
87,Natural_gas,,,2961.3,2019-07-21T10:00:00+02:00
87,Natural_gas,,,2948.1,2019-07-21T11:00:00+02:00
87,Natural_gas,,,2943.1,2019-07-21T12:00:00+02:00
87,Natural_gas,,,2942.5,2019-07-21T13:00:00+02:00
87,Natural_gas,,,2940,2019-07-21T14:00:00+02:00
87,Natural_gas,,,2933.3,2019-07-21T15:00:00+02:00
87,Natural_gas,,,2937.3,2019-07-21T16:00:00+02:00
87,Natural_gas,,,2932.9,2019-07-21T17:00:00+02:00
87,Natural_gas,,,2936.2,2019-07-21T18:00:00+02:00
87,Natural_gas,,,2939.3,2019-07-21T19:00:00+02:00
87,Natural_gas,,,2951.5,2019-07-21T20:00:00+02:00
87,Natural_gas,,,2962.7,2019-07-21T21:00:00+02:00
87,Natural_gas,,,2973.5,2019-07-21T22:00:00+02:00
87,Natural_gas,,,2977.9,2019-07-21T23:00:00+02:00
87,Natural_gas,,,2976.6,2019-07-22T00:00:00+02:00
87,Natural_gas,,,2972,2019-07-22T01:00:00+02:00
87,Natural_gas,,,2965.5,2019-07-22T02:00:00+02:00
87,Natural_gas,,,2964.3,2019-07-22T03:00:00+02:00
87,Natural_gas,,,2971.8,2019-07-22T04:00:00+02:00
87,Natural_gas,,,2965.7,2019-07-22T05:00:00+02:00
87,Natural_gas,,,3007.4,2019-07-22T06:00:00+02:00
87,Natural_gas,,,3065.1,2019-07-22T07:00:00+02:00
87,Natural_gas,,,3076,2019-07-22T08:00:00+02:00
87,Natural_gas,,,3063.1,2019-07-22T09:00:00+02:00
87,Natural_gas,,,3057.5,2019-07-22T10:00:00+02:00
87,Natural_gas,,,3044.5,2019-07-22T11:00:00+02:00
87,Natural_gas,,,3030.4,2019-07-22T12:00:00+02:00
87,Natural_gas,,,3007.7,2019-07-22T13:00:00+02:00
87,Natural_gas,,,3028.3,2019-07-22T14:00:00+02:00
87,Natural_gas,,,3021.4,2019-07-22T15:00:00+02:00
87,Natural_gas,,,3035.6,2019-07-22T16:00:00+02:00
87,Natural_gas,,,3040.5,2019-07-22T17:00:00+02:00
87,Natural_gas,,,3072.7,2019-07-22T18:00:00+02:00
87,Natural_gas,,,3089.1,2019-07-22T19:00:00+02:00
87,Natural_gas,,,3111.2,2019-07-22T20:00:00+02:00
87,Natural_gas,,,3114.8,2019-07-22T21:00:00+02:00
87,Natural_gas,,,3108.6,2019-07-22T22:00:00+02:00
87,Natural_gas,,,3080.5,2019-07-22T23:00:00+02:00
71,Hydro ,,,963.1,2019-07-21T00:00:00+02:00
71,Hydro ,,,753,2019-07-21T01:00:00+02:00
71,Hydro ,,,693.6,2019-07-21T02:00:00+02:00
71,Hydro ,,,697.2,2019-07-21T03:00:00+02:00
71,Hydro ,,,893.6,2019-07-21T04:00:00+02:00
71,Hydro ,,,739.1,2019-07-21T05:00:00+02:00
71,Hydro ,,,846.5,2019-07-21T06:00:00+02:00
71,Hydro ,,,781.2,2019-07-21T07:00:00+02:00
71,Hydro ,,,1219.7,2019-07-21T08:00:00+02:00
71,Hydro ,,,1581.5,2019-07-21T09:00:00+02:00
71,Hydro ,,,2117.6,2019-07-21T10:00:00+02:00
71,Hydro ,,,1910.3,2019-07-21T11:00:00+02:00
71,Hydro ,,,1718.4,2019-07-21T12:00:00+02:00
71,Hydro ,,,1259.1,2019-07-21T13:00:00+02:00
71,Hydro ,,,1097.7,2019-07-21T14:00:00+02:00
71,Hydro ,,,1209.6,2019-07-21T15:00:00+02:00
71,Hydro ,,,1290.8,2019-07-21T16:00:00+02:00
71,Hydro ,,,1319.5,2019-07-21T17:00:00+02:00
71,Hydro ,,,1215.2,2019-07-21T18:00:00+02:00
71,Hydro ,,,1117.3,2019-07-21T19:00:00+02:00
71,Hydro ,,,1562.2,2019-07-21T20:00:00+02:00
71,Hydro ,,,2179.3,2019-07-21T21:00:00+02:00
71,Hydro ,,,2446.4,2019-07-21T22:00:00+02:00
71,Hydro ,,,2118,2019-07-21T23:00:00+02:00
71,Hydro ,,,1057.5,2019-07-22T00:00:00+02:00
71,Hydro ,,,760.2,2019-07-22T01:00:00+02:00
71,Hydro ,,,719.5,2019-07-22T02:00:00+02:00
71,Hydro ,,,725.8,2019-07-22T03:00:00+02:00
71,Hydro ,,,711.7,2019-07-22T04:00:00+02:00
71,Hydro ,,,760.5,2019-07-22T05:00:00+02:00
71,Hydro ,,,960.9,2019-07-22T06:00:00+02:00
71,Hydro ,,,1369.3,2019-07-22T07:00:00+02:00
71,Hydro ,,,1829.3,2019-07-22T08:00:00+02:00
71,Hydro ,,,2187.2,2019-07-22T09:00:00+02:00
71,Hydro ,,,2981.8,2019-07-22T10:00:00+02:00
71,Hydro ,,,3152,2019-07-22T11:00:00+02:00
71,Hydro ,,,3201.5,2019-07-22T12:00:00+02:00
71,Hydro ,,,3160.8,2019-07-22T13:00:00+02:00
71,Hydro ,,,3129.8,2019-07-22T14:00:00+02:00
71,Hydro ,,,2665.5,2019-07-22T15:00:00+02:00
71,Hydro ,,,1950.1,2019-07-22T16:00:00+02:00
71,Hydro ,,,1660.1,2019-07-22T17:00:00+02:00
71,Hydro ,,,1827,2019-07-22T18:00:00+02:00
71,Hydro ,,,2042.9,2019-07-22T19:00:00+02:00
71,Hydro ,,,3203.9,2019-07-22T20:00:00+02:00
71,Hydro ,,,2611.5,2019-07-22T21:00:00+02:00
71,Hydro ,,,2414.5,2019-07-22T22:00:00+02:00
71,Hydro ,,,1726.1,2019-07-22T23:00:00+02:00
72,Hydro ,,,404.8,2019-07-21T00:00:00+02:00
72,Hydro ,,,375.1,2019-07-21T01:00:00+02:00
72,Hydro ,,,369.2,2019-07-21T02:00:00+02:00
72,Hydro ,,,367.2,2019-07-21T03:00:00+02:00
72,Hydro ,,,365.5,2019-07-21T04:00:00+02:00
72,Hydro ,,,364.2,2019-07-21T05:00:00+02:00
72,Hydro ,,,368.7,2019-07-21T06:00:00+02:00
72,Hydro ,,,358.2,2019-07-21T07:00:00+02:00
72,Hydro ,,,368.8,2019-07-21T08:00:00+02:00
72,Hydro ,,,413.6,2019-07-21T09:00:00+02:00
72,Hydro ,,,422.5,2019-07-21T10:00:00+02:00
72,Hydro ,,,422.2,2019-07-21T11:00:00+02:00
72,Hydro ,,,434.1,2019-07-21T12:00:00+02:00
72,Hydro ,,,437.9,2019-07-21T13:00:00+02:00
72,Hydro ,,,425.8,2019-07-21T14:00:00+02:00
72,Hydro ,,,405.1,2019-07-21T15:00:00+02:00
72,Hydro ,,,383.5,2019-07-21T16:00:00+02:00
72,Hydro ,,,383.9,2019-07-21T17:00:00+02:00
72,Hydro ,,,383.4,2019-07-21T18:00:00+02:00
72,Hydro ,,,383.4,2019-07-21T19:00:00+02:00
72,Hydro ,,,393.9,2019-07-21T20:00:00+02:00
72,Hydro ,,,410.8,2019-07-21T21:00:00+02:00
72,Hydro ,,,401.3,2019-07-21T22:00:00+02:00
72,Hydro ,,,392.6,2019-07-21T23:00:00+02:00
72,Hydro ,,,394.3,2019-07-22T00:00:00+02:00
72,Hydro ,,,379,2019-07-22T01:00:00+02:00
72,Hydro ,,,376.9,2019-07-22T02:00:00+02:00
72,Hydro ,,,375.6,2019-07-22T03:00:00+02:00
72,Hydro ,,,373.7,2019-07-22T04:00:00+02:00
72,Hydro ,,,381.2,2019-07-22T05:00:00+02:00
72,Hydro ,,,393.8,2019-07-22T06:00:00+02:00
72,Hydro ,,,407.5,2019-07-22T07:00:00+02:00
72,Hydro ,,,443.6,2019-07-22T08:00:00+02:00
72,Hydro ,,,446.3,2019-07-22T09:00:00+02:00
72,Hydro ,,,448.1,2019-07-22T10:00:00+02:00
72,Hydro ,,,470.9,2019-07-22T11:00:00+02:00
72,Hydro ,,,513.1,2019-07-22T12:00:00+02:00
72,Hydro ,,,481.4,2019-07-22T13:00:00+02:00
72,Hydro ,,,469.1,2019-07-22T14:00:00+02:00
72,Hydro ,,,419.7,2019-07-22T15:00:00+02:00
72,Hydro ,,,414.6,2019-07-22T16:00:00+02:00
72,Hydro ,,,414,2019-07-22T17:00:00+02:00
72,Hydro ,,,407.1,2019-07-22T18:00:00+02:00
72,Hydro ,,,395.7,2019-07-22T19:00:00+02:00
72,Hydro ,,,411.3,2019-07-22T20:00:00+02:00
72,Hydro ,,,404.3,2019-07-22T21:00:00+02:00
72,Hydro ,,,401.9,2019-07-22T22:00:00+02:00
72,Hydro ,,,387.1,2019-07-22T23:00:00+02:00
77,Coal,,,300,2019-07-21T00:00:00+02:00
77,Coal,,,300,2019-07-21T01:00:00+02:00
77,Coal,,,300,2019-07-21T02:00:00+02:00
77,Coal,,,300,2019-07-21T03:00:00+02:00
77,Coal,,,300,2019-07-21T04:00:00+02:00
77,Coal,,,300,2019-07-21T05:00:00+02:00
77,Coal,,,300,2019-07-21T06:00:00+02:00
77,Coal,,,300,2019-07-21T07:00:00+02:00
77,Coal,,,300,2019-07-21T08:00:00+02:00
77,Coal,,,300,2019-07-21T09:00:00+02:00
77,Coal,,,300,2019-07-21T10:00:00+02:00
77,Coal,,,300,2019-07-21T11:00:00+02:00
77,Coal,,,300,2019-07-21T12:00:00+02:00
77,Coal,,,300,2019-07-21T13:00:00+02:00
77,Coal,,,300,2019-07-21T14:00:00+02:00
77,Coal,,,300,2019-07-21T15:00:00+02:00
77,Coal,,,300,2019-07-21T16:00:00+02:00
77,Coal,,,300,2019-07-21T17:00:00+02:00
77,Coal,,,300,2019-07-21T18:00:00+02:00
77,Coal,,,300,2019-07-21T19:00:00+02:00
77,Coal,,,300,2019-07-21T20:00:00+02:00
77,Coal,,,300,2019-07-21T21:00:00+02:00
77,Coal,,,300,2019-07-21T22:00:00+02:00
77,Coal,,,300,2019-07-21T23:00:00+02:00
77,Coal,,,300,2019-07-22T00:00:00+02:00
77,Coal,,,300,2019-07-22T01:00:00+02:00
77,Coal,,,300,2019-07-22T02:00:00+02:00
77,Coal,,,300,2019-07-22T03:00:00+02:00
77,Coal,,,300,2019-07-22T04:00:00+02:00
77,Coal,,,300,2019-07-22T05:00:00+02:00
77,Coal,,,300,2019-07-22T06:00:00+02:00
77,Coal,,,300,2019-07-22T07:00:00+02:00
77,Coal,,,300,2019-07-22T08:00:00+02:00
77,Coal,,,350,2019-07-22T09:00:00+02:00
77,Coal,,,350,2019-07-22T10:00:00+02:00
77,Coal,,,300,2019-07-22T11:00:00+02:00
77,Coal,,,310,2019-07-22T12:00:00+02:00
77,Coal,,,350,2019-07-22T13:00:00+02:00
77,Coal,,,353.7,2019-07-22T14:00:00+02:00
77,Coal,,,340,2019-07-22T15:00:00+02:00
77,Coal,,,300,2019-07-22T16:00:00+02:00
77,Coal,,,300,2019-07-22T17:00:00+02:00
77,Coal,,,300,2019-07-22T18:00:00+02:00
77,Coal,,,330,2019-07-22T19:00:00+02:00
77,Coal,,,330,2019-07-22T20:00:00+02:00
77,Coal,,,300,2019-07-22T21:00:00+02:00
77,Coal,,,300,2019-07-22T22:00:00+02:00
77,Coal,,,300,2019-07-22T23:00:00+02:00
78,Coal,,,530,2019-07-21T00:00:00+02:00
78,Coal,,,473.4,2019-07-21T01:00:00+02:00
78,Coal,,,350,2019-07-21T02:00:00+02:00
78,Coal,,,350,2019-07-21T03:00:00+02:00
78,Coal,,,400,2019-07-21T04:00:00+02:00
78,Coal,,,510,2019-07-21T05:00:00+02:00
78,Coal,,,350,2019-07-21T06:00:00+02:00
78,Coal,,,389.2,2019-07-21T07:00:00+02:00
78,Coal,,,465,2019-07-21T08:00:00+02:00
78,Coal,,,485,2019-07-21T09:00:00+02:00
78,Coal,,,535,2019-07-21T10:00:00+02:00
78,Coal,,,510,2019-07-21T11:00:00+02:00
78,Coal,,,510,2019-07-21T12:00:00+02:00
78,Coal,,,510,2019-07-21T13:00:00+02:00
78,Coal,,,485,2019-07-21T14:00:00+02:00
78,Coal,,,485,2019-07-21T15:00:00+02:00
78,Coal,,,510,2019-07-21T16:00:00+02:00
78,Coal,,,510,2019-07-21T17:00:00+02:00
78,Coal,,,490,2019-07-21T18:00:00+02:00
78,Coal,,,485,2019-07-21T19:00:00+02:00
78,Coal,,,485,2019-07-21T20:00:00+02:00
78,Coal,,,485,2019-07-21T21:00:00+02:00
78,Coal,,,429.7,2019-07-21T22:00:00+02:00
78,Coal,,,485,2019-07-21T23:00:00+02:00
78,Coal,,,520,2019-07-22T00:00:00+02:00
78,Coal,,,344.4,2019-07-22T01:00:00+02:00
78,Coal,,,350,2019-07-22T02:00:00+02:00
78,Coal,,,369.4,2019-07-22T03:00:00+02:00
78,Coal,,,488.8,2019-07-22T04:00:00+02:00
78,Coal,,,363.2,2019-07-22T05:00:00+02:00
78,Coal,,,350,2019-07-22T06:00:00+02:00
78,Coal,,,507.1,2019-07-22T07:00:00+02:00
78,Coal,,,666,2019-07-22T08:00:00+02:00
78,Coal,,,666,2019-07-22T09:00:00+02:00
78,Coal,,,705,2019-07-22T10:00:00+02:00
78,Coal,,,795,2019-07-22T11:00:00+02:00
78,Coal,,,875,2019-07-22T12:00:00+02:00
78,Coal,,,980,2019-07-22T13:00:00+02:00
78,Coal,,,1055,2019-07-22T14:00:00+02:00
78,Coal,,,1065,2019-07-22T15:00:00+02:00
78,Coal,,,1065,2019-07-22T16:00:00+02:00
78,Coal,,,1065,2019-07-22T17:00:00+02:00
78,Coal,,,1065,2019-07-22T18:00:00+02:00
78,Coal,,,1065,2019-07-22T19:00:00+02:00
78,Coal,,,1065,2019-07-22T20:00:00+02:00
78,Coal,,,1030,2019-07-22T21:00:00+02:00
78,Coal,,,888.4,2019-07-22T22:00:00+02:00
78,Coal,,,779.4,2019-07-22T23:00:00+02:00
74,Nuclear,,,6958.7,2019-07-21T00:00:00+02:00
74,Nuclear,,,6955.7,2019-07-21T01:00:00+02:00
74,Nuclear,,,6958.7,2019-07-21T02:00:00+02:00
74,Nuclear,,,6958.7,2019-07-21T03:00:00+02:00
74,Nuclear,,,6960.7,2019-07-21T04:00:00+02:00
74,Nuclear,,,6961.7,2019-07-21T05:00:00+02:00
74,Nuclear,,,6961.7,2019-07-21T06:00:00+02:00
74,Nuclear,,,6963.7,2019-07-21T07:00:00+02:00
74,Nuclear,,,6963.7,2019-07-21T08:00:00+02:00
74,Nuclear,,,6960.7,2019-07-21T09:00:00+02:00
74,Nuclear,,,6958.7,2019-07-21T10:00:00+02:00
74,Nuclear,,,6954.7,2019-07-21T11:00:00+02:00
74,Nuclear,,,6952.7,2019-07-21T12:00:00+02:00
74,Nuclear,,,6950.7,2019-07-21T13:00:00+02:00
74,Nuclear,,,6926.7,2019-07-21T14:00:00+02:00
74,Nuclear,,,6846.7,2019-07-21T15:00:00+02:00
74,Nuclear,,,6846.7,2019-07-21T16:00:00+02:00
74,Nuclear,,,6844.7,2019-07-21T17:00:00+02:00
74,Nuclear,,,6848.7,2019-07-21T18:00:00+02:00
74,Nuclear,,,6838.7,2019-07-21T19:00:00+02:00
74,Nuclear,,,6844.7,2019-07-21T20:00:00+02:00
74,Nuclear,,,6846.7,2019-07-21T21:00:00+02:00
74,Nuclear,,,6850.7,2019-07-21T22:00:00+02:00
74,Nuclear,,,6852.7,2019-07-21T23:00:00+02:00
74,Nuclear,,,6958,2019-07-22T00:00:00+02:00
74,Nuclear,,,6955,2019-07-22T01:00:00+02:00
74,Nuclear,,,6958,2019-07-22T02:00:00+02:00
74,Nuclear,,,6958,2019-07-22T03:00:00+02:00
74,Nuclear,,,6961,2019-07-22T04:00:00+02:00
74,Nuclear,,,6962,2019-07-22T05:00:00+02:00
74,Nuclear,,,6962,2019-07-22T06:00:00+02:00
74,Nuclear,,,6963,2019-07-22T07:00:00+02:00
74,Nuclear,,,6963,2019-07-22T08:00:00+02:00
74,Nuclear,,,6961,2019-07-22T09:00:00+02:00
74,Nuclear,,,6958,2019-07-22T10:00:00+02:00
74,Nuclear,,,6954,2019-07-22T11:00:00+02:00
74,Nuclear,,,6953,2019-07-22T12:00:00+02:00
74,Nuclear,,,6949,2019-07-22T13:00:00+02:00
74,Nuclear,,,6926,2019-07-22T14:00:00+02:00
74,Nuclear,,,6836.1,2019-07-22T15:00:00+02:00
74,Nuclear,,,6838,2019-07-22T16:00:00+02:00
74,Nuclear,,,6840,2019-07-22T17:00:00+02:00
74,Nuclear,,,6844,2019-07-22T18:00:00+02:00
74,Nuclear,,,6852.1,2019-07-22T19:00:00+02:00
74,Nuclear,,,6853.9,2019-07-22T20:00:00+02:00
74,Nuclear,,,6856,2019-07-22T21:00:00+02:00
74,Nuclear,,,6916,2019-07-22T22:00:00+02:00
74,Nuclear,,,6850,2019-07-22T23:00:00+02:00
93,Waste,,,190.5,2019-07-21T00:00:00+02:00
93,Waste,,,191.5,2019-07-21T01:00:00+02:00
93,Waste,,,190.6,2019-07-21T02:00:00+02:00
93,Waste,,,191.5,2019-07-21T03:00:00+02:00
93,Waste,,,190.6,2019-07-21T04:00:00+02:00
93,Waste,,,191.5,2019-07-21T05:00:00+02:00
93,Waste,,,191.3,2019-07-21T06:00:00+02:00
93,Waste,,,186.3,2019-07-21T07:00:00+02:00
93,Waste,,,183.5,2019-07-21T08:00:00+02:00
93,Waste,,,183.4,2019-07-21T09:00:00+02:00
93,Waste,,,166.4,2019-07-21T10:00:00+02:00
93,Waste,,,166.4,2019-07-21T11:00:00+02:00
93,Waste,,,166.2,2019-07-21T12:00:00+02:00
93,Waste,,,166.5,2019-07-21T13:00:00+02:00
93,Waste,,,166.1,2019-07-21T14:00:00+02:00
93,Waste,,,166.1,2019-07-21T15:00:00+02:00
93,Waste,,,165.9,2019-07-21T16:00:00+02:00
93,Waste,,,166.1,2019-07-21T17:00:00+02:00
93,Waste,,,166,2019-07-21T18:00:00+02:00
93,Waste,,,165.9,2019-07-21T19:00:00+02:00
93,Waste,,,165.9,2019-07-21T20:00:00+02:00
93,Waste,,,166.1,2019-07-21T21:00:00+02:00
93,Waste,,,166,2019-07-21T22:00:00+02:00
93,Waste,,,166.1,2019-07-21T23:00:00+02:00
93,Waste,,,165.2,2019-07-22T00:00:00+02:00
93,Waste,,,166.2,2019-07-22T01:00:00+02:00
93,Waste,,,165.4,2019-07-22T02:00:00+02:00
93,Waste,,,166.2,2019-07-22T03:00:00+02:00
93,Waste,,,165.4,2019-07-22T04:00:00+02:00
93,Waste,,,166.1,2019-07-22T05:00:00+02:00
93,Waste,,,165.6,2019-07-22T06:00:00+02:00
93,Waste,,,165.5,2019-07-22T07:00:00+02:00
93,Waste,,,164.9,2019-07-22T08:00:00+02:00
93,Waste,,,164.8,2019-07-22T09:00:00+02:00
93,Waste,,,164.8,2019-07-22T10:00:00+02:00
93,Waste,,,164.6,2019-07-22T11:00:00+02:00
93,Waste,,,164.4,2019-07-22T12:00:00+02:00
93,Waste,,,164.7,2019-07-22T13:00:00+02:00
93,Waste,,,164.5,2019-07-22T14:00:00+02:00
93,Waste,,,161.5,2019-07-22T15:00:00+02:00
93,Waste,,,161.3,2019-07-22T16:00:00+02:00
93,Waste,,,161.5,2019-07-22T17:00:00+02:00
93,Waste,,,161.5,2019-07-22T18:00:00+02:00
93,Waste,,,161.5,2019-07-22T19:00:00+02:00
93,Waste,,,161.9,2019-07-22T20:00:00+02:00
93,Waste,,,162.1,2019-07-22T21:00:00+02:00
93,Waste,,,165,2019-07-22T22:00:00+02:00
93,Waste,,,165.1,2019-07-22T23:00:00+02:00
94,Waste,,,133.2,2019-07-21T00:00:00+02:00
94,Waste,,,130.7,2019-07-21T01:00:00+02:00
94,Waste,,,128.2,2019-07-21T02:00:00+02:00
94,Waste,,,128.6,2019-07-21T03:00:00+02:00
94,Waste,,,128.6,2019-07-21T04:00:00+02:00
94,Waste,,,128.6,2019-07-21T05:00:00+02:00
94,Waste,,,128.6,2019-07-21T06:00:00+02:00
94,Waste,,,128.6,2019-07-21T07:00:00+02:00
94,Waste,,,131.1,2019-07-21T08:00:00+02:00
94,Waste,,,131.1,2019-07-21T09:00:00+02:00
94,Waste,,,131.1,2019-07-21T10:00:00+02:00
94,Waste,,,131.1,2019-07-21T11:00:00+02:00
94,Waste,,,133.6,2019-07-21T12:00:00+02:00
94,Waste,,,137.4,2019-07-21T13:00:00+02:00
94,Waste,,,137.4,2019-07-21T14:00:00+02:00
94,Waste,,,137.4,2019-07-21T15:00:00+02:00
94,Waste,,,136.2,2019-07-21T16:00:00+02:00
94,Waste,,,133.6,2019-07-21T17:00:00+02:00
94,Waste,,,133.6,2019-07-21T18:00:00+02:00
94,Waste,,,133.6,2019-07-21T19:00:00+02:00
94,Waste,,,137.4,2019-07-21T20:00:00+02:00
94,Waste,,,137.4,2019-07-21T21:00:00+02:00
94,Waste,,,137.4,2019-07-21T22:00:00+02:00
94,Waste,,,137.4,2019-07-21T23:00:00+02:00
94,Waste,,,133.6,2019-07-22T00:00:00+02:00
94,Waste,,,133.6,2019-07-22T01:00:00+02:00
94,Waste,,,130.9,2019-07-22T02:00:00+02:00
94,Waste,,,130.9,2019-07-22T03:00:00+02:00
94,Waste,,,133.4,2019-07-22T04:00:00+02:00
94,Waste,,,133.4,2019-07-22T05:00:00+02:00
94,Waste,,,133.9,2019-07-22T06:00:00+02:00
94,Waste,,,133.9,2019-07-22T07:00:00+02:00
94,Waste,,,133.9,2019-07-22T08:00:00+02:00
94,Waste,,,133.9,2019-07-22T09:00:00+02:00
94,Waste,,,133.9,2019-07-22T10:00:00+02:00
94,Waste,,,133.5,2019-07-22T11:00:00+02:00
94,Waste,,,133.5,2019-07-22T12:00:00+02:00
94,Waste,,,133.5,2019-07-22T13:00:00+02:00
94,Waste,,,133.5,2019-07-22T14:00:00+02:00
94,Waste,,,133.5,2019-07-22T15:00:00+02:00
94,Waste,,,133.9,2019-07-22T16:00:00+02:00
94,Waste,,,133.9,2019-07-22T17:00:00+02:00
94,Waste,,,133.9,2019-07-22T18:00:00+02:00
94,Waste,,,133.9,2019-07-22T19:00:00+02:00
94,Waste,,,133.9,2019-07-22T20:00:00+02:00
94,Waste,,,132,2019-07-22T21:00:00+02:00
94,Waste,,,133.5,2019-07-22T22:00:00+02:00
94,Waste,,,133.5,2019-07-22T23:00:00+02:00
84,SolarPV,,,3.8,2019-07-21T06:00:00+02:00
84,SolarPV,,,135.6,2019-07-21T07:00:00+02:00
84,SolarPV,,,738.4,2019-07-21T08:00:00+02:00
84,SolarPV,,,1620,2019-07-21T09:00:00+02:00
84,SolarPV,,,2401.6,2019-07-21T10:00:00+02:00
84,SolarPV,,,3051.7,2019-07-21T11:00:00+02:00
84,SolarPV,,,3443.2,2019-07-21T12:00:00+02:00
84,SolarPV,,,3638.4,2019-07-21T13:00:00+02:00
84,SolarPV,,,3663.1,2019-07-21T14:00:00+02:00
84,SolarPV,,,3560.4,2019-07-21T15:00:00+02:00
84,SolarPV,,,3234.1,2019-07-21T16:00:00+02:00
84,SolarPV,,,2722.7,2019-07-21T17:00:00+02:00
84,SolarPV,,,2051.3,2019-07-21T18:00:00+02:00
84,SolarPV,,,1257.3,2019-07-21T19:00:00+02:00
84,SolarPV,,,455.9,2019-07-21T20:00:00+02:00
84,SolarPV,,,50.8,2019-07-21T21:00:00+02:00
84,SolarPV,,,3.9,2019-07-22T06:00:00+02:00
84,SolarPV,,,129.6,2019-07-22T07:00:00+02:00
84,SolarPV,,,711.2,2019-07-22T08:00:00+02:00
84,SolarPV,,,1586.7,2019-07-22T09:00:00+02:00
84,SolarPV,,,2349.2,2019-07-22T10:00:00+02:00
84,SolarPV,,,2937,2019-07-22T11:00:00+02:00
84,SolarPV,,,3382.8,2019-07-22T12:00:00+02:00
84,SolarPV,,,3560.2,2019-07-22T13:00:00+02:00
84,SolarPV,,,3576.5,2019-07-22T14:00:00+02:00
84,SolarPV,,,3462.5,2019-07-22T15:00:00+02:00
84,SolarPV,,,3136.4,2019-07-22T16:00:00+02:00
84,SolarPV,,,2610.1,2019-07-22T17:00:00+02:00
84,SolarPV,,,1919,2019-07-22T18:00:00+02:00
84,SolarPV,,,1125.3,2019-07-22T19:00:00+02:00
84,SolarPV,,,397.4,2019-07-22T20:00:00+02:00
84,SolarPV,,,42,2019-07-22T21:00:00+02:00
85,SolarThermal,,,301.3,2019-07-21T00:00:00+02:00
85,SolarThermal,,,320.3,2019-07-21T01:00:00+02:00
85,SolarThermal,,,302.2,2019-07-21T02:00:00+02:00
85,SolarThermal,,,288.3,2019-07-21T03:00:00+02:00
85,SolarThermal,,,285.3,2019-07-21T04:00:00+02:00
85,SolarThermal,,,182,2019-07-21T05:00:00+02:00
85,SolarThermal,,,55,2019-07-21T06:00:00+02:00
85,SolarThermal,,,0.1,2019-07-21T07:00:00+02:00
85,SolarThermal,,,11.1,2019-07-21T08:00:00+02:00
85,SolarThermal,,,624.7,2019-07-21T09:00:00+02:00
85,SolarThermal,,,1458.7,2019-07-21T10:00:00+02:00
85,SolarThermal,,,1822.4,2019-07-21T11:00:00+02:00
85,SolarThermal,,,1940.5,2019-07-21T12:00:00+02:00
85,SolarThermal,,,1969.6,2019-07-21T13:00:00+02:00
85,SolarThermal,,,1963,2019-07-21T14:00:00+02:00
85,SolarThermal,,,1879.5,2019-07-21T15:00:00+02:00
85,SolarThermal,,,1803.5,2019-07-21T16:00:00+02:00
85,SolarThermal,,,1665.5,2019-07-21T17:00:00+02:00
85,SolarThermal,,,1616.8,2019-07-21T18:00:00+02:00
85,SolarThermal,,,1409,2019-07-21T19:00:00+02:00
85,SolarThermal,,,997.7,2019-07-21T20:00:00+02:00
85,SolarThermal,,,597.8,2019-07-21T21:00:00+02:00
85,SolarThermal,,,488,2019-07-21T22:00:00+02:00
85,SolarThermal,,,435.5,2019-07-21T23:00:00+02:00
85,SolarThermal,,,175,2019-07-22T00:00:00+02:00
85,SolarThermal,,,78,2019-07-22T01:00:00+02:00
85,SolarThermal,,,30,2019-07-22T02:00:00+02:00
85,SolarThermal,,,10,2019-07-22T03:00:00+02:00
85,SolarThermal,,,16,2019-07-22T04:00:00+02:00
85,SolarThermal,,,16,2019-07-22T05:00:00+02:00
85,SolarThermal,,,16,2019-07-22T06:00:00+02:00
85,SolarThermal,,,16.1,2019-07-22T07:00:00+02:00
85,SolarThermal,,,24.5,2019-07-22T08:00:00+02:00
85,SolarThermal,,,384.6,2019-07-22T09:00:00+02:00
85,SolarThermal,,,1347.6,2019-07-22T10:00:00+02:00
85,SolarThermal,,,1777.5,2019-07-22T11:00:00+02:00
85,SolarThermal,,,1889.9,2019-07-22T12:00:00+02:00
85,SolarThermal,,,1913.7,2019-07-22T13:00:00+02:00
85,SolarThermal,,,1946.8,2019-07-22T14:00:00+02:00
85,SolarThermal,,,1949.7,2019-07-22T15:00:00+02:00
85,SolarThermal,,,1937.9,2019-07-22T16:00:00+02:00
85,SolarThermal,,,1864.2,2019-07-22T17:00:00+02:00
85,SolarThermal,,,1714,2019-07-22T18:00:00+02:00
85,SolarThermal,,,1399,2019-07-22T19:00:00+02:00
85,SolarThermal,,,1015.7,2019-07-22T20:00:00+02:00
85,SolarThermal,,,623.1,2019-07-22T21:00:00+02:00
85,SolarThermal,,,469.5,2019-07-22T22:00:00+02:00
85,SolarThermal,,,446.4,2019-07-22T23:00:00+02:00
73,Hydro ,,,66.7,2019-07-21T09:00:00+02:00
73,Hydro ,,,200,2019-07-21T10:00:00+02:00
