,accuracy,latitude,longitude,date,main_activity,month,day,time,hour,weekday_weekend,morning_afternoon,total_time
0,13,41.5502409,2.1152073,2019-05-15 05:39:28,IN_VEHICLE,5,15,0 days 05:39:28.000000000,5,weekday,am,17.0
1,3,41.5115027,2.1025351,2019-05-15 05:56:51,IN_VEHICLE,5,15,0 days 05:56:51.000000000,5,weekday,am,3.0
2,3,41.500047,2.1458847,2019-05-15 06:00:09,IN_VEHICLE,5,15,0 days 06:00:09.000000000,6,weekday,am,40.0
3,200,41.3972607,2.1854036,2019-05-15 06:40:26,IN_VEHICLE,5,15,0 days 06:40:26.000000000,6,weekday,am,0.0
4,14,41.3906738,2.166036,2019-05-15 13:21:39,IN_VEHICLE,5,15,0 days 13:21:39.000000000,13,weekday,pm,11.0
5,13,41.3922464,2.1677053,2019-05-15 13:33:19,IN_VEHICLE,5,15,0 days 13:33:19.000000000,13,weekday,pm,0.0
6,400,41.3975736,2.1854036,2019-05-15 16:01:45,IN_VEHICLE,5,15,0 days 16:01:45.000000000,16,weekday,pm,51.0
7,3,41.5299077,2.1011574,2019-05-15 16:53:10,IN_VEHICLE,5,15,0 days 16:53:10.000000000,16,weekday,pm,7.0
8,60,41.5286788,2.1036551,2019-05-15 17:00:12,IN_VEHICLE,5,15,0 days 17:00:12.000000000,17,weekday,pm,15.0
9,14,41.5522125,2.114321,2019-05-15 17:15:36,IN_VEHICLE,5,15,0 days 17:15:36.000000000,17,weekday,pm,0.0
10,3,41.5501682,2.1155189,2019-05-16 05:40:54,IN_VEHICLE,5,16,0 days 05:40:54.000000000,5,weekday,am,16.0
11,3,41.512982,2.1010079,2019-05-16 05:57:35,IN_VEHICLE,5,16,0 days 05:57:35.000000000,5,weekday,am,3.0
12,3,41.4988502,2.1468565,2019-05-16 06:01:22,IN_VEHICLE,5,16,0 days 06:01:22.000000000,6,weekday,am,37.0
13,5,41.4005892,2.186087,2019-05-16 06:38:40,IN_VEHICLE,5,16,0 days 06:38:40.000000000,6,weekday,am,0.0
14,16,41.4010587,2.1839745,2019-05-16 11:34:57,IN_VEHICLE,5,16,0 days 11:34:57.000000000,11,weekday,pm,18.0
15,55,41.5113035,2.1057445,2019-05-16 11:53:16,IN_VEHICLE,5,16,0 days 11:53:16.000000000,11,weekday,pm,19.0
16,52,41.5126262,2.1053656,2019-05-16 12:12:39,IN_VEHICLE,5,16,0 days 12:12:39.000000000,12,weekday,pm,14.0
17,15,41.5495227,2.1144048,2019-05-16 12:27:02,IN_VEHICLE,5,16,0 days 12:27:02.000000000,12,weekday,pm,0.0
18,7,41.5502527,2.1154177,2019-05-17 05:39:55,IN_VEHICLE,5,17,0 days 05:39:55.000000000,5,weekday,am,18.0
19,3,41.4714442,2.1642417,2019-05-17 05:58:22,IN_VEHICLE,5,17,0 days 05:58:22.000000000,5,weekday,am,2.0
20,4,41.455521,2.1884082,2019-05-17 06:00:22,IN_VEHICLE,5,17,0 days 06:00:22.000000000,6,weekday,am,42.0
21,6,41.3986345,2.1865929,2019-05-17 06:43:10,IN_VEHICLE,5,17,0 days 06:43:10.000000000,6,weekday,am,0.0
22,32,41.4014514,2.1848936,2019-05-17 16:35:35,IN_VEHICLE,5,17,0 days 16:35:35.000000000,16,weekday,pm,20.0
23,1000,41.5220543,2.0970159,2019-05-17 16:55:55,IN_VEHICLE,5,17,0 days 16:55:55.000000000,16,weekday,pm,0.0
24,14,41.5502584,2.1153889,2019-05-20 05:38:41,IN_VEHICLE,5,20,0 days 05:38:41.000000000,5,weekday,am,20.0
25,316,41.4775196,2.1643244,2019-05-20 05:58:48,IN_VEHICLE,5,20,0 days 05:58:48.000000000,5,weekday,am,1.0
26,77,41.4685416,2.168191,2019-05-20 06:00:32,IN_VEHICLE,5,20,0 days 06:00:32.000000000,6,weekday,am,53.0
27,500,41.3956902,2.1857108,2019-05-20 06:53:41,IN_VEHICLE,5,20,0 days 06:53:41.000000000,6,weekday,am,0.0
28,500,41.3966581,2.1841748,2019-05-20 16:08:04,IN_VEHICLE,5,20,0 days 16:08:04.000000000,16,weekday,pm,49.0
29,500,41.3776362,2.1804886,2019-05-20 16:57:55,IN_VEHICLE,5,20,0 days 16:57:55.000000000,16,weekday,pm,0.0
30,16,41.3812667,2.1832924,2019-05-20 18:06:55,IN_VEHICLE,5,20,0 days 18:06:55.000000000,18,weekday,pm,26.0
31,14,41.5353321,2.1048847,2019-05-20 18:33:29,IN_VEHICLE,5,20,0 days 18:33:29.000000000,18,weekday,pm,0.0
32,33,41.5460622,2.1163515,2019-05-21 05:35:45,IN_VEHICLE,5,21,0 days 05:35:45.000000000,5,weekday,am,22.0
33,135,41.4484715,2.1998238,2019-05-21 05:58:06,IN_VEHICLE,5,21,0 days 05:58:06.000000000,5,weekday,am,2.0
34,100,41.4343199,2.2125998,2019-05-21 06:00:09,IN_VEHICLE,5,21,0 days 06:00:09.000000000,6,weekday,am,23.0
35,500,41.3988601,2.1835604,2019-05-21 06:23:26,IN_VEHICLE,5,21,0 days 06:23:26.000000000,6,weekday,am,0.0
36,14,41.4080956,2.1739997,2019-05-21 14:07:46,IN_VEHICLE,5,21,0 days 14:07:46.000000000,14,weekday,pm,6.0
37,500,41.4097875,2.1682035,2019-05-21 14:14:13,IN_VEHICLE,5,21,0 days 14:14:13.000000000,14,weekday,pm,0.0
38,15,41.4088929,2.1681162,2019-05-21 18:01:22,IN_VEHICLE,5,21,0 days 18:01:22.000000000,18,weekday,pm,53.0
39,14,41.543184,2.1171081,2019-05-21 18:55:03,IN_VEHICLE,5,21,0 days 18:55:03.000000000,18,weekday,pm,0.0
40,122,41.5478821,2.1158369,2019-05-22 05:33:28,IN_VEHICLE,5,22,0 days 05:33:28.000000000,5,weekday,am,26.0
41,16,41.4186333,2.2077159,2019-05-22 05:59:51,IN_VEHICLE,5,22,0 days 05:59:51.000000000,5,weekday,am,2.0
42,17,41.417433,2.2062319,2019-05-22 06:01:53,IN_VEHICLE,5,22,0 days 06:01:53.000000000,6,weekday,am,20.0
43,15,41.4002867,2.1824547,2019-05-22 06:22:47,IN_VEHICLE,5,22,0 days 06:22:47.000000000,6,weekday,am,0.0
44,14,41.4001273,2.1843139,2019-05-22 16:26:29,IN_VEHICLE,5,22,0 days 16:26:29.000000000,16,weekday,pm,30.0
45,1683,41.4854106,2.1619555,2019-05-22 16:57:06,IN_VEHICLE,5,22,0 days 16:57:06.000000000,16,weekday,pm,4.0
46,1000,41.5166401,2.1028417,2019-05-22 17:01:14,IN_VEHICLE,5,22,0 days 17:01:14.000000000,17,weekday,pm,14.0
47,14,41.5499369,2.1156091,2019-05-22 17:15:39,IN_VEHICLE,5,22,0 days 17:15:39.000000000,17,weekday,pm,0.0
48,16,41.5424071,2.1170627,2019-05-23 05:35:21,IN_VEHICLE,5,23,0 days 05:35:21.000000000,5,weekday,am,23.0
49,32,41.5018644,2.1110401,2019-05-23 05:58:52,IN_VEHICLE,5,23,0 days 05:58:52.000000000,5,weekday,am,2.0
50,17,41.4957183,2.1239762,2019-05-23 06:00:55,IN_VEHICLE,5,23,0 days 06:00:55.000000000,6,weekday,am,58.0
51,13,41.4023282,2.1837635,2019-05-23 06:59:35,IN_VEHICLE,5,23,0 days 06:59:35.000000000,6,weekday,am,2.0
52,16,41.4017532,2.1845335,2019-05-23 07:01:37,IN_VEHICLE,5,23,0 days 07:01:37.000000000,7,weekday,am,8.0
53,699,41.3991033,2.1872469,2019-05-23 07:10:29,IN_VEHICLE,5,23,0 days 07:10:29.000000000,7,weekday,am,0.0
54,13,41.3870471,2.1638017,2019-05-23 17:26:13,IN_VEHICLE,5,23,0 days 17:26:13.000000000,17,weekday,pm,17.0
55,15,41.3857583,2.1670398,2019-05-23 17:43:37,IN_VEHICLE,5,23,0 days 17:43:37.000000000,17,weekday,pm,28.0
56,500,41.3966581,2.1841748,2019-05-23 18:12:28,IN_VEHICLE,5,23,0 days 18:12:28.000000000,18,weekday,pm,28.0
57,16,41.5433784,2.1171573,2019-05-23 18:41:16,IN_VEHICLE,5,23,0 days 18:41:16.000000000,18,weekday,pm,0.0
58,24,41.5464667,2.1164247,2019-05-24 05:35:54,IN_VEHICLE,5,24,0 days 05:35:54.000000000,5,weekday,am,22.0
59,800,41.4524625,2.1936989,2019-05-24 05:58:22,IN_VEHICLE,5,24,0 days 05:58:22.000000000,5,weekday,am,2.0
60,800,41.4403479,2.2059909,2019-05-24 06:00:24,IN_VEHICLE,5,24,0 days 06:00:24.000000000,6,weekday,am,49.0
61,7,41.401448,2.1706911,2019-05-24 06:49:35,IN_VEHICLE,5,24,0 days 06:49:35.000000000,6,weekday,am,0.0
62,500,41.3966581,2.1841748,2019-05-24 15:06:07,IN_VEHICLE,5,24,0 days 15:06:07.000000000,15,weekday,pm,34.0
63,35,41.4426306,2.1998016,2019-05-24 15:40:52,IN_VEHICLE,5,24,0 days 15:40:52.000000000,15,weekday,pm,0.0
64,15,41.4386939,2.1959985,2019-05-24 18:00:28,IN_VEHICLE,5,24,0 days 18:00:28.000000000,18,weekday,pm,38.0
65,16,41.5504632,2.115309,2019-05-24 18:39:19,IN_VEHICLE,5,24,0 days 18:39:19.000000000,18,weekday,pm,0.0
66,3,41.5503169,2.1152805,2019-05-27 05:32:47,IN_VEHICLE,5,27,0 days 05:32:47.000000000,5,weekday,am,26.0
67,14,41.4350911,2.184063,2019-05-27 05:59:02,IN_VEHICLE,5,27,0 days 05:59:02.000000000,5,weekday,am,2.0
68,14,41.4327871,2.183152,2019-05-27 06:01:04,IN_VEHICLE,5,27,0 days 06:01:04.000000000,6,weekday,am,20.0
69,40,41.400755,2.1880318,2019-05-27 06:21:26,IN_VEHICLE,5,27,0 days 06:21:26.000000000,6,weekday,am,0.0
70,500,41.4022206,2.1878613,2019-05-27 15:38:05,IN_VEHICLE,5,27,0 days 15:38:05.000000000,15,weekday,pm,4.0
71,204,41.4041115,2.1880778,2019-05-27 15:42:09,IN_VEHICLE,5,27,0 days 15:42:09.000000000,15,weekday,pm,23.0
72,500,41.4074579,2.1921626,2019-05-27 16:05:14,IN_VEHICLE,5,27,0 days 16:05:14.000000000,16,weekday,pm,52.0
73,14,41.5507023,2.1152203,2019-05-27 16:58:13,IN_VEHICLE,5,27,0 days 16:58:13.000000000,16,weekday,pm,0.0
74,15,41.546316,2.1172332,2019-05-28 05:42:13,IN_VEHICLE,5,28,0 days 05:42:13.000000000,5,weekday,am,16.0
75,2694,41.4976125,2.1477862,2019-05-28 05:58:28,IN_VEHICLE,5,28,0 days 05:58:28.000000000,5,weekday,am,2.0
76,4287,41.4976125,2.1477862,2019-05-28 06:00:31,IN_VEHICLE,5,28,0 days 06:00:31.000000000,6,weekday,am,28.0
77,50,41.4018073,2.1846445,2019-05-28 06:28:59,IN_VEHICLE,5,28,0 days 06:28:59.000000000,6,weekday,am,0.0
78,3,41.3998818,2.1846322,2019-05-28 17:03:17,IN_VEHICLE,5,28,0 days 17:03:17.000000000,17,weekday,pm,55.0
79,24,41.5513081,2.1149498,2019-05-28 17:58:26,IN_VEHICLE,5,28,0 days 17:58:26.000000000,17,weekday,pm,0.0
80,25,41.5461714,2.1171745,2019-05-29 05:41:42,IN_VEHICLE,5,29,0 days 05:41:42.000000000,5,weekday,am,16.0
81,50,41.4683452,2.1678631,2019-05-29 05:58:03,IN_VEHICLE,5,29,0 days 05:58:03.000000000,5,weekday,am,2.0
82,34,41.4518766,2.1886841,2019-05-29 06:00:05,IN_VEHICLE,5,29,0 days 06:00:05.000000000,6,weekday,am,42.0
83,14,41.3968157,2.1851051,2019-05-29 06:42:51,IN_VEHICLE,5,29,0 days 06:42:51.000000000,6,weekday,am,0.0
84,600,41.3985356,2.1841748,2019-05-29 11:28:46,IN_VEHICLE,5,29,0 days 11:28:46.000000000,11,weekday,pm,28.0
85,15,41.5432523,2.1172127,2019-05-29 11:57:45,IN_VEHICLE,5,29,0 days 11:57:45.000000000,11,weekday,pm,0.0
86,17,41.5463453,2.117281,2019-05-30 05:47:33,IN_VEHICLE,5,30,0 days 05:47:33.000000000,5,weekday,am,12.0
87,827,41.5116678,2.1023481,2019-05-30 05:59:42,IN_VEHICLE,5,30,0 days 05:59:42.000000000,5,weekday,am,1.0
88,2370,41.5116678,2.1023481,2019-05-30 06:01:41,IN_VEHICLE,5,30,0 days 06:01:41.000000000,6,weekday,am,34.0
89,15,41.4008268,2.190607,2019-05-30 06:36:15,IN_VEHICLE,5,30,0 days 06:36:15.000000000,6,weekday,am,0.0
90,13,41.3963326,2.1750729,2019-05-30 15:01:16,IN_VEHICLE,5,30,0 days 15:01:16.000000000,15,weekday,pm,42.0
91,699,41.4053028,2.1903191,2019-05-30 15:43:37,IN_VEHICLE,5,30,0 days 15:43:37.000000000,15,weekday,pm,44.0
92,43,41.4056976,2.1926754,2019-05-30 16:28:22,IN_VEHICLE,5,30,0 days 16:28:22.000000000,16,weekday,pm,30.0
93,87,41.502673,2.1417455,2019-05-30 16:58:51,IN_VEHICLE,5,30,0 days 16:58:51.000000000,16,weekday,pm,2.0
94,32,41.5074744,2.1102794,2019-05-30 17:00:52,IN_VEHICLE,5,30,0 days 17:00:52.000000000,17,weekday,pm,20.0
95,29,41.5516856,2.1155408,2019-05-30 17:21:26,IN_VEHICLE,5,30,0 days 17:21:26.000000000,17,weekday,pm,0.0
96,26,41.5463781,2.1170375,2019-05-31 05:44:52,IN_VEHICLE,5,31,0 days 05:44:52.000000000,5,weekday,am,15.0
97,1299,41.4862722,2.1574568,2019-05-31 05:59:58,IN_VEHICLE,5,31,0 days 05:59:58.000000000,5,weekday,am,8.0
98,25,41.4352001,2.1838745,2019-05-31 06:08:08,IN_VEHICLE,5,31,0 days 06:08:08.000000000,6,weekday,am,26.0
99,500,41.4000594,2.1863252,2019-05-31 06:34:33,IN_VEHICLE,5,31,0 days 06:34:33.000000000,6,weekday,am,0.0
100,6,41.4000572,2.1843875,2019-05-31 15:08:50,IN_VEHICLE,5,31,0 days 15:08:50.000000000,15,weekday,pm,44.0
101,42,41.5087484,2.1405659,2019-05-31 15:53:13,IN_VEHICLE,5,31,0 days 15:53:13.000000000,15,weekday,pm,58.0
102,14,41.5084801,2.1382973,2019-05-31 16:51:37,IN_VEHICLE,5,31,0 days 16:51:37.000000000,16,weekday,pm,2.0
103,13,41.5085159,2.1382617,2019-05-31 16:53:40,IN_VEHICLE,5,31,0 days 16:53:40.000000000,16,weekday,pm,24.0
104,68,41.5082927,2.1401367,2019-05-31 17:18:11,IN_VEHICLE,5,31,0 days 17:18:11.000000000,17,weekday,pm,20.0
105,17,41.5509065,2.1150903,2019-05-31 17:38:41,IN_VEHICLE,5,31,0 days 17:38:41.000000000,17,weekday,pm,0.0
106,30,41.4920747,2.1473389,2019-06-01 08:13:35,IN_VEHICLE,6,1,0 days 08:13:35.000000000,8,weekend,am,34.0
107,899,41.4393386,2.1768027,2019-06-01 08:48:01,IN_VEHICLE,6,1,0 days 08:48:01.000000000,8,weekend,am,0.0
108,1200,41.4063576,2.1675893,2019-06-01 15:01:19,IN_VEHICLE,6,1,0 days 15:01:19.000000000,15,weekend,pm,47.0
109,759,41.4918228,2.1489608,2019-06-01 15:48:30,IN_VEHICLE,6,1,0 days 15:48:30.000000000,15,weekend,pm,0.0
110,12,41.5502537,2.1157145,2019-06-03 05:38:46,IN_VEHICLE,6,3,0 days 05:38:46.000000000,5,weekday,am,20.0
111,156,41.4944373,2.1628882,2019-06-03 05:59:13,IN_VEHICLE,6,3,0 days 05:59:13.000000000,5,weekday,am,2.0
112,30,41.4633539,2.1784444,2019-06-03 06:01:14,IN_VEHICLE,6,3,0 days 06:01:14.000000000,6,weekday,am,33.0
113,14,41.402091,2.1841545,2019-06-03 06:34:55,IN_VEHICLE,6,3,0 days 06:34:55.000000000,6,weekday,am,0.0
114,14,41.3971829,2.1836151,2019-06-03 15:33:17,IN_VEHICLE,6,3,0 days 15:33:17.000000000,15,weekday,pm,19.0
115,14,41.4053455,2.1911631,2019-06-03 15:52:50,IN_VEHICLE,6,3,0 days 15:52:50.000000000,15,weekday,pm,18.0
116,16,41.4053752,2.1912402,2019-06-03 16:11:36,IN_VEHICLE,6,3,0 days 16:11:36.000000000,16,weekday,pm,47.0
117,14,41.5294113,2.1082921,2019-06-03 16:58:45,IN_VEHICLE,6,3,0 days 16:58:45.000000000,16,weekday,pm,2.0
118,59,41.5325609,2.1065492,2019-06-03 17:00:53,IN_VEHICLE,6,3,0 days 17:00:53.000000000,17,weekday,pm,20.0
119,63,41.5519698,2.114095,2019-06-03 17:21:24,IN_VEHICLE,6,3,0 days 17:21:24.000000000,17,weekday,pm,0.0
120,22,41.5433899,2.1170464,2019-06-04 05:46:21,IN_VEHICLE,6,4,0 days 05:46:21.000000000,5,weekday,am,12.0
121,3,41.4842237,2.1600983,2019-06-04 05:59:20,IN_VEHICLE,6,4,0 days 05:59:20.000000000,5,weekday,am,1.0
122,806,41.4813394,2.160112,2019-06-04 06:00:34,IN_VEHICLE,6,4,0 days 06:00:34.000000000,6,weekday,am,52.0
123,100,41.398031,2.1859762,2019-06-04 06:52:52,IN_VEHICLE,6,4,0 days 06:52:52.000000000,6,weekday,am,0.0
124,555,41.3985303,2.186892,2019-06-04 15:46:14,IN_VEHICLE,6,4,0 days 15:46:14.000000000,15,weekday,pm,13.0
125,30,41.404213,2.1900773,2019-06-04 15:59:53,IN_VEHICLE,6,4,0 days 15:59:53.000000000,15,weekday,pm,2.0
126,14,41.4043008,2.1901414,2019-06-04 16:01:54,IN_VEHICLE,6,4,0 days 16:01:54.000000000,16,weekday,pm,54.0
127,16,41.5508699,2.1150853,2019-06-04 16:56:29,IN_VEHICLE,6,4,0 days 16:56:29.000000000,16,weekday,pm,0.0
128,15,41.550281,2.1152971,2019-06-05 05:45:29,IN_VEHICLE,6,5,0 days 05:45:29.000000000,5,weekday,am,12.0
129,899,41.5226564,2.0982424,2019-06-05 05:58:10,IN_VEHICLE,6,5,0 days 05:58:10.000000000,5,weekday,am,2.0
130,899,41.516367,2.1006953,2019-06-05 06:00:12,IN_VEHICLE,6,5,0 days 06:00:12.000000000,6,weekday,am,58.0
131,100,41.4006497,2.1878438,2019-06-05 06:58:36,IN_VEHICLE,6,5,0 days 06:58:36.000000000,6,weekday,am,0.0
132,13,41.4009433,2.1839842,2019-06-05 16:00:38,IN_VEHICLE,6,5,0 days 16:00:38.000000000,16,weekday,pm,46.0
133,14,41.540079,2.114887,2019-06-05 16:47:02,IN_VEHICLE,6,5,0 days 16:47:02.000000000,16,weekday,pm,0.0
134,14,41.5502913,2.1152984,2019-06-06 05:40:09,IN_VEHICLE,6,6,0 days 05:40:09.000000000,5,weekday,am,19.0
135,17,41.5061672,2.1135236,2019-06-06 05:59:42,IN_VEHICLE,6,6,0 days 05:59:42.000000000,5,weekday,am,1.0
136,1559,41.5061672,2.1135236,2019-06-06 06:01:41,IN_VEHICLE,6,6,0 days 06:01:41.000000000,6,weekday,am,34.0
137,16,41.4028679,2.1829299,2019-06-06 06:36:18,IN_VEHICLE,6,6,0 days 06:36:18.000000000,6,weekday,am,0.0
138,14,41.3874416,2.1689921,2019-06-06 15:11:12,IN_VEHICLE,6,6,0 days 15:11:12.000000000,15,weekday,pm,47.0
139,600,41.5447845,2.1172561,2019-06-06 15:58:28,IN_VEHICLE,6,6,0 days 15:58:28.000000000,15,weekday,pm,0.0
140,14,41.5502831,2.1152787,2019-06-07 05:40:25,IN_VEHICLE,6,7,0 days 05:40:25.000000000,5,weekday,am,18.0
141,1100,41.5040737,2.1408811,2019-06-07 05:58:31,IN_VEHICLE,6,7,0 days 05:58:31.000000000,5,weekday,am,2.0
142,1100,41.4865846,2.1574568,2019-06-07 06:00:33,IN_VEHICLE,6,7,0 days 06:00:33.000000000,6,weekday,am,34.0
143,500,41.403571,2.1826389,2019-06-07 06:35:22,IN_VEHICLE,6,7,0 days 06:35:22.000000000,6,weekday,am,0.0
144,14,41.4052721,2.1916178,2019-06-07 14:05:38,IN_VEHICLE,6,7,0 days 14:05:38.000000000,14,weekday,pm,42.0
145,15,41.5309899,2.1151325,2019-06-07 14:48:28,IN_VEHICLE,6,7,0 days 14:48:28.000000000,14,weekday,pm,20.0
146,15,41.5319642,2.1142929,2019-06-07 15:09:06,IN_VEHICLE,6,7,0 days 15:09:06.000000000,15,weekday,pm,41.0
147,13,41.5505472,2.115263,2019-06-07 15:50:10,IN_VEHICLE,6,7,0 days 15:50:10.000000000,15,weekday,pm,0.0
148,15,41.5492815,2.1159298,2019-06-11 05:46:42,IN_VEHICLE,6,11,0 days 05:46:42.000000000,5,weekday,am,12.0
149,899,41.5140917,2.1056015,2019-06-11 05:58:58,IN_VEHICLE,6,11,0 days 05:58:58.000000000,5,weekday,am,2.0
150,8,41.5048068,2.1248591,2019-06-11 06:01:01,IN_VEHICLE,6,11,0 days 06:01:01.000000000,6,weekday,am,53.0
151,15,41.4022337,2.1840006,2019-06-11 06:54:24,IN_VEHICLE,6,11,0 days 06:54:24.000000000,6,weekday,am,0.0
152,13,41.3989278,2.1812747,2019-06-11 15:01:54,IN_VEHICLE,6,11,0 days 15:01:54.000000000,15,weekday,pm,18.0
153,122,41.4059031,2.1917355,2019-06-11 15:20:09,IN_VEHICLE,6,11,0 days 15:20:09.000000000,15,weekday,pm,56.0
154,29,41.4054288,2.1917164,2019-06-11 16:16:11,IN_VEHICLE,6,11,0 days 16:16:11.000000000,16,weekday,pm,40.0
155,32,41.5477625,2.1153938,2019-06-11 16:57:06,IN_VEHICLE,6,11,0 days 16:57:06.000000000,16,weekday,pm,0.0
156,16,41.5462994,2.1171129,2019-06-12 05:45:22,IN_VEHICLE,6,12,0 days 05:45:22.000000000,5,weekday,am,14.0
157,899,41.5063168,2.1378122,2019-06-12 05:59:36,IN_VEHICLE,6,12,0 days 05:59:36.000000000,5,weekday,am,2.0
158,135,41.4940875,2.161951,2019-06-12 06:01:42,IN_VEHICLE,6,12,0 days 06:01:42.000000000,6,weekday,am,44.0
159,8,41.3999292,2.1844477,2019-06-12 06:46:23,IN_VEHICLE,6,12,0 days 06:46:23.000000000,6,weekday,am,0.0
160,23,41.4045748,2.1934395,2019-06-12 14:48:58,IN_VEHICLE,6,12,0 days 14:48:58.000000000,14,weekday,pm,7.0
161,14,41.4046341,2.1935856,2019-06-12 14:56:51,IN_VEHICLE,6,12,0 days 14:56:51.000000000,14,weekday,pm,0.0
162,116,41.4165086,2.20354,2019-06-12 18:31:29,IN_VEHICLE,6,12,0 days 18:31:29.000000000,18,weekday,pm,28.0
163,110,41.5073551,2.1359651,2019-06-12 18:59:54,IN_VEHICLE,6,12,0 days 18:59:54.000000000,18,weekday,pm,0.0
164,15,41.539646,2.1135837,2019-06-13 05:45:15,IN_VEHICLE,6,13,0 days 05:45:15.000000000,5,weekday,am,14.0
165,1588,41.5062144,2.1126917,2019-06-13 05:59:26,IN_VEHICLE,6,13,0 days 05:59:26.000000000,5,weekday,am,2.0
166,110,41.4874766,2.1548533,2019-06-13 06:01:30,IN_VEHICLE,6,13,0 days 06:01:30.000000000,6,weekday,am,43.0
167,228,41.4008464,2.187809,2019-06-13 06:44:41,IN_VEHICLE,6,13,0 days 06:44:41.000000000,6,weekday,am,0.0
168,7,41.4045788,2.178687,2019-06-13 14:33:33,IN_VEHICLE,6,13,0 days 14:33:33.000000000,14,weekday,pm,3.0
169,3,41.408128,2.1701948,2019-06-13 14:36:51,IN_VEHICLE,6,13,0 days 14:36:51.000000000,14,weekday,pm,0.0
170,3,41.4089676,2.1700156,2019-06-13 18:02:27,IN_VEHICLE,6,13,0 days 18:02:27.000000000,18,weekday,pm,31.0
171,14,41.5508805,2.1151587,2019-06-13 18:33:58,IN_VEHICLE,6,13,0 days 18:33:58.000000000,18,weekday,pm,0.0
172,13,41.5495379,2.1158627,2019-06-14 05:45:37,IN_VEHICLE,6,14,0 days 05:45:37.000000000,5,weekday,am,13.0
173,6,41.5087586,2.1056388,2019-06-14 05:58:54,IN_VEHICLE,6,14,0 days 05:58:54.000000000,5,weekday,am,1.0
174,3,41.5051339,2.1267346,2019-06-14 06:00:42,IN_VEHICLE,6,14,0 days 06:00:42.000000000,6,weekday,am,42.0
175,500,41.3956902,2.1857108,2019-06-14 06:43:38,IN_VEHICLE,6,14,0 days 06:43:38.000000000,6,weekday,am,0.0
176,24,41.4003871,2.184119,2019-06-14 15:06:34,IN_VEHICLE,6,14,0 days 15:06:34.000000000,15,weekday,pm,20.0
177,899,41.5144096,2.1052949,2019-06-14 15:26:47,IN_VEHICLE,6,14,0 days 15:26:47.000000000,15,weekday,pm,33.0
178,59,41.510584,2.1066228,2019-06-14 16:00:32,IN_VEHICLE,6,14,0 days 16:00:32.000000000,16,weekday,pm,33.0
179,16,41.5495087,2.1144525,2019-06-14 16:34:08,IN_VEHICLE,6,14,0 days 16:34:08.000000000,16,weekday,pm,0.0
180,14,41.5502817,2.1152954,2019-06-17 05:31:24,IN_VEHICLE,6,17,0 days 05:31:24.000000000,5,weekday,am,25.0
181,25,41.4438291,2.1863054,2019-06-17 05:56:28,IN_VEHICLE,6,17,0 days 05:56:28.000000000,5,weekday,am,10.0
182,15,41.4241996,2.1867485,2019-06-17 06:06:39,IN_VEHICLE,6,17,0 days 06:06:39.000000000,6,weekday,am,33.0
183,13,41.4005008,2.1691629,2019-06-17 06:40:37,IN_VEHICLE,6,17,0 days 06:40:37.000000000,6,weekday,am,0.0
184,500,41.4068439,2.1915481,2019-06-17 17:29:30,IN_VEHICLE,6,17,0 days 17:29:30.000000000,17,weekday,pm,24.0
185,14,41.5484889,2.1147418,2019-06-17 17:53:51,IN_VEHICLE,6,17,0 days 17:53:51.000000000,17,weekday,pm,0.0
186,30,41.5461863,2.1165109,2019-06-18 05:43:25,IN_VEHICLE,6,18,0 days 05:43:25.000000000,5,weekday,am,14.0
187,15,41.4932369,2.1513113,2019-06-18 05:57:49,IN_VEHICLE,6,18,0 days 05:57:49.000000000,5,weekday,am,4.0
188,3146,41.4932369,2.1513113,2019-06-18 06:01:50,IN_VEHICLE,6,18,0 days 06:01:50.000000000,6,weekday,am,33.0
189,34,41.4003745,2.1882161,2019-06-18 06:34:51,IN_VEHICLE,6,18,0 days 06:34:51.000000000,6,weekday,am,0.0
190,14,41.3999661,2.1842437,2019-06-18 14:50:58,IN_VEHICLE,6,18,0 days 14:50:58.000000000,14,weekday,pm,8.0
191,500,41.4047412,2.1869397,2019-06-18 14:59:34,IN_VEHICLE,6,18,0 days 14:59:34.000000000,14,weekday,pm,0.0
192,4,41.4058984,2.1870217,2019-06-18 16:09:58,IN_VEHICLE,6,18,0 days 16:09:58.000000000,16,weekday,pm,47.0
193,24,41.5338152,2.1113613,2019-06-18 16:57:03,IN_VEHICLE,6,18,0 days 16:57:03.000000000,16,weekday,pm,4.0
194,29,41.5359295,2.1192851,2019-06-18 17:01:07,IN_VEHICLE,6,18,0 days 17:01:07.000000000,17,weekday,pm,6.0
195,13,41.5495459,2.1143796,2019-06-18 17:07:12,IN_VEHICLE,6,18,0 days 17:07:12.000000000,17,weekday,pm,0.0
196,14,41.5502756,2.1152891,2019-06-19 05:37:44,IN_VEHICLE,6,19,0 days 05:37:44.000000000,5,weekday,am,21.0
197,1572,41.4946467,2.1495714,2019-06-19 05:59:07,IN_VEHICLE,6,19,0 days 05:59:07.000000000,5,weekday,am,2.0
198,699,41.4563128,2.1884758,2019-06-19 06:01:08,IN_VEHICLE,6,19,0 days 06:01:08.000000000,6,weekday,am,40.0
199,14,41.4021921,2.1839719,2019-06-19 06:41:35,IN_VEHICLE,6,19,0 days 06:41:35.000000000,6,weekday,am,0.0
200,53,41.4050377,2.1884872,2019-06-19 16:06:02,IN_VEHICLE,6,19,0 days 16:06:02.000000000,16,weekday,pm,48.0
201,15,41.5509206,2.1151657,2019-06-19 16:54:54,IN_VEHICLE,6,19,0 days 16:54:54.000000000,16,weekday,pm,0.0
202,17,41.5488812,2.1160328,2019-06-20 05:37:52,IN_VEHICLE,6,20,0 days 05:37:52.000000000,5,weekday,am,20.0
203,1399,41.447247,2.1884758,2019-06-20 05:58:20,IN_VEHICLE,6,20,0 days 05:58:20.000000000,5,weekday,am,4.0
204,15,41.4377171,2.1851555,2019-06-20 06:02:26,IN_VEHICLE,6,20,0 days 06:02:26.000000000,6,weekday,am,34.0
205,110,41.4054261,2.1919354,2019-06-20 06:36:35,IN_VEHICLE,6,20,0 days 06:36:35.000000000,6,weekday,am,48.0
206,53,41.4112886,2.1961142,2019-06-20 07:25:13,IN_VEHICLE,6,20,0 days 07:25:13.000000000,7,weekday,am,29.0
207,32,41.5448198,2.1155637,2019-06-20 07:54:19,IN_VEHICLE,6,20,0 days 07:54:19.000000000,7,weekday,am,30.0
208,14,41.5452299,2.1135162,2019-06-20 08:24:25,IN_VEHICLE,6,20,0 days 08:24:25.000000000,8,weekday,am,26.0
209,68,41.5126506,2.1053656,2019-06-21 08:51:17,IN_VEHICLE,6,21,0 days 08:51:17.000000000,8,weekday,am,22.0
210,1100,41.5163223,2.1031484,2019-06-21 09:13:58,IN_VEHICLE,6,21,0 days 09:13:58.000000000,9,weekday,am,8.0
211,28,41.5522406,2.1145728,2019-06-21 09:22:08,IN_VEHICLE,6,21,0 days 09:22:08.000000000,9,weekday,am,0.0
212,3,41.5491726,2.1160253,2019-06-22 07:51:10,IN_VEHICLE,6,22,0 days 07:51:10.000000000,7,weekend,am,7.0
213,32,41.5371211,2.1137125,2019-06-22 07:58:13,IN_VEHICLE,6,22,0 days 07:58:13.000000000,7,weekend,am,57.0
214,30,41.5435122,2.1169195,2019-06-22 08:55:21,IN_VEHICLE,6,22,0 days 08:55:21.000000000,8,weekend,am,2.0
215,31,41.5512236,2.1136278,2019-06-22 08:57:22,IN_VEHICLE,6,22,0 days 08:57:22.000000000,8,weekend,am,7.0
216,13,41.5502442,2.1153858,2019-06-22 09:05:04,IN_VEHICLE,6,22,0 days 09:05:04.000000000,9,weekend,am,54.0
217,3,41.6350684,2.4051044,2019-06-22 09:59:17,IN_VEHICLE,6,22,0 days 09:59:17.000000000,9,weekend,am,1.0
218,3,41.6430246,2.4174133,2019-06-22 10:00:17,IN_VEHICLE,6,22,0 days 10:00:17.000000000,10,weekend,pm,49.0
219,22,41.6310284,2.3633691,2019-06-22 10:49:19,IN_VEHICLE,6,22,0 days 10:49:19.000000000,10,weekend,pm,0.0
220,15,41.6309964,2.363387,2019-06-22 12:03:40,IN_VEHICLE,6,22,0 days 12:03:40.000000000,12,weekend,pm,15.0
221,55,41.6105647,2.3440638,2019-06-22 12:18:42,IN_VEHICLE,6,22,0 days 12:18:42.000000000,12,weekend,pm,0.0
222,50,41.6111382,2.344638,2019-06-22 13:37:26,IN_VEHICLE,6,22,0 days 13:37:26.000000000,13,weekend,pm,22.0
223,29,41.5075846,2.1099446,2019-06-22 13:59:48,IN_VEHICLE,6,22,0 days 13:59:48.000000000,13,weekend,pm,2.0
224,38,41.5112709,2.108431,2019-06-22 14:01:49,IN_VEHICLE,6,22,0 days 14:01:49.000000000,14,weekend,pm,30.0
225,800,41.5520241,2.1138821,2019-06-22 14:32:01,IN_VEHICLE,6,22,0 days 14:32:01.000000000,14,weekend,pm,0.0
226,3,41.5389593,2.1110583,2019-06-24 05:48:12,IN_VEHICLE,6,24,0 days 05:48:12.000000000,5,weekday,am,11.0
227,3,41.4462097,2.2036612,2019-06-24 05:59:48,IN_VEHICLE,6,24,0 days 05:59:48.000000000,5,weekday,am,0.0
228,30,41.4359449,2.2092484,2019-06-24 06:00:47,IN_VEHICLE,6,24,0 days 06:00:47.000000000,6,weekday,am,34.0
229,14,41.3978861,2.1903149,2019-06-24 06:35:08,IN_VEHICLE,6,24,0 days 06:35:08.000000000,6,weekday,am,0.0
230,13,41.3978893,2.1903111,2019-06-24 07:48:30,IN_VEHICLE,6,24,0 days 07:48:30.000000000,7,weekday,am,10.0
231,13,41.3978883,2.1903099,2019-06-24 07:58:42,IN_VEHICLE,6,24,0 days 07:58:42.000000000,7,weekday,am,0.0
232,31,41.3976053,2.1835786,2019-06-24 16:05:07,IN_VEHICLE,6,24,0 days 16:05:07.000000000,16,weekday,pm,28.0
233,899,41.5520185,2.1141888,2019-06-24 16:33:51,IN_VEHICLE,6,24,0 days 16:33:51.000000000,16,weekday,pm,0.0
234,15,41.5508877,2.1151884,2019-06-25 05:35:41,IN_VEHICLE,6,25,0 days 05:35:41.000000000,5,weekday,am,22.0
235,3,41.4698166,2.1669485,2019-06-25 05:58:23,IN_VEHICLE,6,25,0 days 05:58:23.000000000,5,weekday,am,2.0
236,35,41.4528039,2.1890857,2019-06-25 06:00:37,IN_VEHICLE,6,25,0 days 06:00:37.000000000,6,weekday,am,31.0
237,300,41.3985065,2.1857108,2019-06-25 06:32:02,IN_VEHICLE,6,25,0 days 06:32:02.000000000,6,weekday,am,0.0
238,500,41.3984774,2.1872469,2019-06-25 16:06:26,IN_VEHICLE,6,25,0 days 16:06:26.000000000,16,weekday,pm,19.0
239,14,41.3796325,2.1621119,2019-06-25 16:25:59,IN_VEHICLE,6,25,0 days 16:25:59.000000000,16,weekday,pm,57.0
240,128,41.3798579,2.161678,2019-06-25 17:23:00,IN_VEHICLE,6,25,0 days 17:23:00.000000000,17,weekday,pm,36.0
241,15,41.4006644,2.1832393,2019-06-25 17:59:32,IN_VEHICLE,6,25,0 days 17:59:32.000000000,17,weekday,pm,2.0
242,71,41.4018039,2.1848709,2019-06-25 18:01:33,IN_VEHICLE,6,25,0 days 18:01:33.000000000,18,weekday,pm,56.0
243,38,41.5473591,2.1149858,2019-06-25 18:57:49,IN_VEHICLE,6,25,0 days 18:57:49.000000000,18,weekday,pm,0.0
244,4,41.5455997,2.1161581,2019-06-26 05:36:55,IN_VEHICLE,6,26,0 days 05:36:55.000000000,5,weekday,am,19.0
245,28,41.4447052,2.1873663,2019-06-26 05:56:11,IN_VEHICLE,6,26,0 days 05:56:11.000000000,5,weekday,am,4.0
246,23,41.435353,2.1838714,2019-06-26 06:00:15,IN_VEHICLE,6,26,0 days 06:00:15.000000000,6,weekday,am,24.0
247,14,41.4020468,2.1841691,2019-06-26 06:24:37,IN_VEHICLE,6,26,0 days 06:24:37.000000000,6,weekday,am,0.0
248,72,41.3979792,2.1868434,2019-06-26 16:12:03,IN_VEHICLE,6,26,0 days 16:12:03.000000000,16,weekday,pm,46.0
249,116,41.5216712,2.0992353,2019-06-26 16:58:11,IN_VEHICLE,6,26,0 days 16:58:11.000000000,16,weekday,pm,2.0
250,15,41.5326862,2.1070757,2019-06-26 17:00:23,IN_VEHICLE,6,26,0 days 17:00:23.000000000,17,weekday,pm,10.0
251,15,41.5462021,2.116209,2019-06-26 17:10:30,IN_VEHICLE,6,26,0 days 17:10:30.000000000,17,weekday,pm,0.0
252,9,41.5489117,2.1161567,2019-06-27 05:40:13,IN_VEHICLE,6,27,0 days 05:40:13.000000000,5,weekday,am,19.0
253,26,41.4509467,2.1886347,2019-06-27 05:59:43,IN_VEHICLE,6,27,0 days 05:59:43.000000000,5,weekday,am,2.0
254,17,41.4454997,2.1873948,2019-06-27 06:01:46,IN_VEHICLE,6,27,0 days 06:01:46.000000000,6,weekday,am,30.0
255,600,41.3987903,2.1872469,2019-06-27 06:32:15,IN_VEHICLE,6,27,0 days 06:32:15.000000000,6,weekday,am,0.0
256,500,41.3956902,2.1857108,2019-06-27 16:19:25,IN_VEHICLE,6,27,0 days 16:19:25.000000000,16,weekday,pm,30.0
257,56,41.5121645,2.1061993,2019-06-27 16:49:57,IN_VEHICLE,6,27,0 days 16:49:57.000000000,16,weekday,pm,21.0
258,72,41.5128482,2.1050997,2019-06-27 17:11:53,IN_VEHICLE,6,27,0 days 17:11:53.000000000,17,weekday,pm,14.0
259,17,41.5515967,2.1148669,2019-06-27 17:26:46,IN_VEHICLE,6,27,0 days 17:26:46.000000000,17,weekday,pm,0.0
260,13,41.5494819,2.1158411,2019-06-28 05:37:31,IN_VEHICLE,6,28,0 days 05:37:31.000000000,5,weekday,am,22.0
261,718,41.4910188,2.1547463,2019-06-28 05:59:51,IN_VEHICLE,6,28,0 days 05:59:51.000000000,5,weekday,am,2.0
262,128,41.45997,2.181916,2019-06-28 06:01:53,IN_VEHICLE,6,28,0 days 06:01:53.000000000,6,weekday,am,38.0
263,612,41.3966022,2.1842367,2019-06-28 06:40:40,IN_VEHICLE,6,28,0 days 06:40:40.000000000,6,weekday,am,0.0
264,34,41.4002059,2.1844381,2019-06-28 16:22:29,IN_VEHICLE,6,28,0 days 16:22:29.000000000,16,weekday,pm,36.0
265,3,41.44391,2.0980576,2019-06-28 16:59:11,IN_VEHICLE,6,28,0 days 16:59:11.000000000,16,weekday,pm,1.0
266,3,41.4499163,2.0910893,2019-06-28 17:00:19,IN_VEHICLE,6,28,0 days 17:00:19.000000000,17,weekday,pm,57.0
267,600,41.4682694,2.0654473,2019-06-28 17:58:10,IN_VEHICLE,6,28,0 days 17:58:10.000000000,17,weekday,pm,2.0
268,1000,41.4872209,2.0715754,2019-06-28 18:00:11,IN_VEHICLE,6,28,0 days 18:00:11.000000000,18,weekday,pm,8.0
269,35,41.5121154,2.1064821,2019-06-28 18:08:22,IN_VEHICLE,6,28,0 days 18:08:22.000000000,18,weekday,pm,0.0
270,13,41.5502726,2.115299,2019-06-29 08:12:05,IN_VEHICLE,6,29,0 days 08:12:05.000000000,8,weekend,am,39.0
271,13,41.5502678,2.1152987,2019-06-29 08:51:10,IN_VEHICLE,6,29,0 days 08:51:10.000000000,8,weekend,am,13.0
272,16,41.5501555,2.1156369,2019-06-29 09:04:47,IN_VEHICLE,6,29,0 days 09:04:47.000000000,9,weekend,am,55.0
273,3,41.4231392,1.9353496,2019-06-29 09:59:49,IN_VEHICLE,6,29,0 days 09:59:49.000000000,9,weekend,am,1.0
274,3,41.4192782,1.9339159,2019-06-29 10:01:34,IN_VEHICLE,6,29,0 days 10:01:34.000000000,10,weekend,pm,58.0
275,3,41.3968552,1.9602182,2019-06-29 10:59:40,IN_VEHICLE,6,29,0 days 10:59:40.000000000,10,weekend,pm,1.0
276,3,41.3957782,1.9537616,2019-06-29 11:00:57,IN_VEHICLE,6,29,0 days 11:00:57.000000000,11,weekend,pm,58.0
277,57,41.5283784,2.1056723,2019-06-29 11:59:34,IN_VEHICLE,6,29,0 days 11:59:34.000000000,11,weekend,pm,2.0
278,13,41.5392011,2.1119332,2019-06-29 12:01:47,IN_VEHICLE,6,29,0 days 12:01:47.000000000,12,weekend,pm,18.0
279,17,41.5459531,2.1162544,2019-06-29 12:20:26,IN_VEHICLE,6,29,0 days 12:20:26.000000000,12,weekend,pm,0.0
280,13,41.5502666,2.1152773,2019-07-01 05:33:28,IN_VEHICLE,7,1,0 days 05:33:28.000000000,5,weekday,am,24.0
281,3169,41.4847102,2.1601413,2019-07-01 05:57:54,IN_VEHICLE,7,1,0 days 05:57:54.000000000,5,weekday,am,0.0
282,34,41.4019746,2.1846034,2019-07-01 16:19:19,IN_VEHICLE,7,1,0 days 16:19:19.000000000,16,weekday,pm,28.0
283,149,41.5113484,2.1053321,2019-07-01 16:47:57,IN_VEHICLE,7,1,0 days 16:47:57.000000000,16,weekday,pm,13.0
284,128,41.5124778,2.1050709,2019-07-01 17:00:58,IN_VEHICLE,7,1,0 days 17:00:58.000000000,17,weekday,pm,12.0
285,69,41.552031,2.1144842,2019-07-01 17:13:11,IN_VEHICLE,7,1,0 days 17:13:11.000000000,17,weekday,pm,0.0
286,27,41.5441341,2.116828,2019-07-02 05:44:10,IN_VEHICLE,7,2,0 days 05:44:10.000000000,5,weekday,am,14.0
287,800,41.4846813,2.1589919,2019-07-02 05:58:21,IN_VEHICLE,7,2,0 days 05:58:21.000000000,5,weekday,am,2.0
288,1000,41.4668653,2.1758813,2019-07-02 06:00:22,IN_VEHICLE,7,2,0 days 06:00:22.000000000,6,weekday,am,24.0
289,24,41.4109649,2.1868173,2019-07-02 06:24:49,IN_VEHICLE,7,2,0 days 06:24:49.000000000,6,weekday,am,0.0
290,14,41.5466238,2.1171448,2019-07-03 05:32:20,IN_VEHICLE,7,3,0 days 05:32:20.000000000,5,weekday,am,26.0
291,28,41.4262818,2.2125603,2019-07-03 05:58:48,IN_VEHICLE,7,3,0 days 05:58:48.000000000,5,weekday,am,2.0
292,899,41.4258983,2.2093719,2019-07-03 06:00:48,IN_VEHICLE,7,3,0 days 06:00:48.000000000,6,weekday,am,20.0
293,100,41.4026315,2.1931415,2019-07-03 06:21:43,IN_VEHICLE,7,3,0 days 06:21:43.000000000,6,weekday,am,0.0
294,3,41.400199,2.1845659,2019-07-03 16:22:38,IN_VEHICLE,7,3,0 days 16:22:38.000000000,16,weekday,pm,36.0
295,3,41.4328595,2.0900899,2019-07-03 16:59:15,IN_VEHICLE,7,3,0 days 16:59:15.000000000,16,weekday,pm,46.0
296,3,41.4315355,2.0904299,2019-07-03 17:45:49,IN_VEHICLE,7,3,0 days 17:45:49.000000000,17,weekday,pm,13.0
297,3,41.4490642,2.0912395,2019-07-03 17:59:43,IN_VEHICLE,7,3,0 days 17:59:43.000000000,17,weekday,pm,1.0
298,3,41.4545608,2.0896251,2019-07-03 18:00:54,IN_VEHICLE,7,3,0 days 18:00:54.000000000,18,weekday,pm,50.0
299,15,41.5374679,2.1066445,2019-07-03 18:51:33,IN_VEHICLE,7,3,0 days 18:51:33.000000000,18,weekday,pm,0.0
300,14,41.5506986,2.1152246,2019-07-04 05:35:56,IN_VEHICLE,7,4,0 days 05:35:56.000000000,5,weekday,am,22.0
301,1687,41.4759558,2.164142,2019-07-04 05:58:33,IN_VEHICLE,7,4,0 days 05:58:33.000000000,5,weekday,am,4.0
302,29,41.4367835,2.1846231,2019-07-04 06:02:41,IN_VEHICLE,7,4,0 days 06:02:41.000000000,6,weekday,am,30.0
303,28,41.4010962,2.1881243,2019-07-04 06:33:21,IN_VEHICLE,7,4,0 days 06:33:21.000000000,6,weekday,am,0.0
304,14,41.3977456,2.1887394,2019-07-04 16:05:21,IN_VEHICLE,7,4,0 days 16:05:21.000000000,16,weekday,pm,46.0
305,14,41.5473346,2.1128457,2019-07-04 16:52:10,IN_VEHICLE,7,4,0 days 16:52:10.000000000,16,weekday,pm,31.0
306,14,41.5461952,2.1132678,2019-07-04 17:23:51,IN_VEHICLE,7,4,0 days 17:23:51.000000000,17,weekday,pm,10.0
307,13,41.5502713,2.1153004,2019-07-04 17:34:12,IN_VEHICLE,7,4,0 days 17:34:12.000000000,17,weekday,pm,0.0
308,14,41.5502756,2.1152892,2019-07-05 05:36:17,IN_VEHICLE,7,5,0 days 05:36:17.000000000,5,weekday,am,22.0
309,116,41.4693729,2.1668931,2019-07-05 05:58:51,IN_VEHICLE,7,5,0 days 05:58:51.000000000,5,weekday,am,2.0
310,15,41.4513339,2.1888178,2019-07-05 06:00:54,IN_VEHICLE,7,5,0 days 06:00:54.000000000,6,weekday,am,32.0
311,600,41.3984774,2.1872469,2019-07-05 06:33:37,IN_VEHICLE,7,5,0 days 06:33:37.000000000,6,weekday,am,0.0
312,3,41.4000776,2.1844811,2019-07-05 15:34:23,IN_VEHICLE,7,5,0 days 15:34:23.000000000,15,weekday,pm,24.0
313,899,41.3996078,2.1771099,2019-07-05 15:58:36,IN_VEHICLE,7,5,0 days 15:58:36.000000000,15,weekday,pm,2.0
314,600,41.3992427,2.1798743,2019-07-05 16:00:38,IN_VEHICLE,7,5,0 days 16:00:38.000000000,16,weekday,pm,53.0
315,14,41.5433228,2.1171727,2019-07-05 16:54:13,IN_VEHICLE,7,5,0 days 16:54:13.000000000,16,weekday,pm,0.0
316,15,41.5493059,2.1158981,2019-07-08 05:33:39,IN_VEHICLE,7,8,0 days 05:33:39.000000000,5,weekday,am,25.0
317,122,41.4474416,2.1869946,2019-07-08 05:59:32,IN_VEHICLE,7,8,0 days 05:59:32.000000000,5,weekday,am,2.0
318,23,41.4453365,2.1870007,2019-07-08 06:01:34,IN_VEHICLE,7,8,0 days 06:01:34.000000000,6,weekday,am,42.0
319,30,41.4020962,2.1839465,2019-07-08 06:44:27,IN_VEHICLE,7,8,0 days 06:44:27.000000000,6,weekday,am,0.0
320,13,41.4004984,2.1840789,2019-07-08 16:26:42,IN_VEHICLE,7,8,0 days 16:26:42.000000000,16,weekday,pm,32.0
321,30,41.5263743,2.1016365,2019-07-08 16:59:27,IN_VEHICLE,7,8,0 days 16:59:27.000000000,16,weekday,pm,26.0
322,31,41.5442415,2.1167986,2019-07-08 17:26:08,IN_VEHICLE,7,8,0 days 17:26:08.000000000,17,weekday,pm,4.0
323,17,41.5485577,2.1153091,2019-07-08 17:30:11,IN_VEHICLE,7,8,0 days 17:30:11.000000000,17,weekday,pm,0.0
324,600,41.5281645,2.1043749,2019-07-09 05:39:31,IN_VEHICLE,7,9,0 days 05:39:31.000000000,5,weekday,am,10.0
325,699,41.4701523,2.1672823,2019-07-09 05:49:45,IN_VEHICLE,7,9,0 days 05:49:45.000000000,5,weekday,am,12.0
326,15,41.4324293,2.1830437,2019-07-09 06:02:00,IN_VEHICLE,7,9,0 days 06:02:00.000000000,6,weekday,am,26.0
327,100,41.3985849,2.1880621,2019-07-09 06:28:25,IN_VEHICLE,7,9,0 days 06:28:25.000000000,6,weekday,am,0.0
328,82,41.3983557,2.1875822,2019-07-09 16:15:56,IN_VEHICLE,7,9,0 days 16:15:56.000000000,16,weekday,pm,38.0
329,70,41.5323813,2.1068813,2019-07-09 16:54:41,IN_VEHICLE,7,9,0 days 16:54:41.000000000,16,weekday,pm,19.0
330,51,41.5295194,2.1071267,2019-07-09 17:13:53,IN_VEHICLE,7,9,0 days 17:13:53.000000000,17,weekday,pm,12.0
331,14,41.5497406,2.1156672,2019-07-09 17:26:05,IN_VEHICLE,7,9,0 days 17:26:05.000000000,17,weekday,pm,0.0
332,13,41.5502629,2.1152883,2019-07-10 05:30:51,IN_VEHICLE,7,10,0 days 05:30:51.000000000,5,weekday,am,28.0
333,16,41.4385099,2.1854432,2019-07-10 05:59:47,IN_VEHICLE,7,10,0 days 05:59:47.000000000,5,weekday,am,2.0
334,9,41.4346075,2.1836814,2019-07-10 06:01:49,IN_VEHICLE,7,10,0 days 06:01:49.000000000,6,weekday,am,24.0
335,15,41.4017877,2.1844458,2019-07-10 06:26:17,IN_VEHICLE,7,10,0 days 06:26:17.000000000,6,weekday,am,0.0
336,17,41.4005652,2.1839886,2019-07-10 16:18:13,IN_VEHICLE,7,10,0 days 16:18:13.000000000,16,weekday,pm,41.0
337,42,41.5128485,2.1068199,2019-07-10 16:59:26,IN_VEHICLE,7,10,0 days 16:59:26.000000000,16,weekday,pm,8.0
338,31,41.512835,2.1065301,2019-07-10 17:07:32,IN_VEHICLE,7,10,0 days 17:07:32.000000000,17,weekday,pm,37.0
339,14,41.5507942,2.1150522,2019-07-10 17:45:20,IN_VEHICLE,7,10,0 days 17:45:20.000000000,17,weekday,pm,0.0
340,16,41.5506119,2.1142824,2019-07-11 05:36:14,IN_VEHICLE,7,11,0 days 05:36:14.000000000,5,weekday,am,22.0
341,46,41.4446088,2.1870493,2019-07-11 05:58:40,IN_VEHICLE,7,11,0 days 05:58:40.000000000,5,weekday,am,2.0
342,17,41.4357352,2.1843341,2019-07-11 06:00:42,IN_VEHICLE,7,11,0 days 06:00:42.000000000,6,weekday,am,28.0
343,40,41.4004887,2.1862944,2019-07-11 06:29:19,IN_VEHICLE,7,11,0 days 06:29:19.000000000,6,weekday,am,0.0
344,500,41.3994103,2.1875541,2019-07-11 16:14:35,IN_VEHICLE,7,11,0 days 16:14:35.000000000,16,weekday,pm,38.0
345,899,41.5144096,2.1052949,2019-07-11 16:53:15,IN_VEHICLE,7,11,0 days 16:53:15.000000000,16,weekday,pm,7.0
346,44,41.5318346,2.106692,2019-07-11 17:00:56,IN_VEHICLE,7,11,0 days 17:00:56.000000000,17,weekday,pm,31.0
347,13,41.5495627,2.1157701,2019-07-11 17:32:51,IN_VEHICLE,7,11,0 days 17:32:51.000000000,17,weekday,pm,0.0
348,15,41.536809,2.1057008,2019-07-12 05:44:48,IN_VEHICLE,7,12,0 days 05:44:48.000000000,5,weekday,am,14.0
349,4004,41.4885537,2.1581285,2019-07-12 05:59:03,IN_VEHICLE,7,12,0 days 05:59:03.000000000,5,weekday,am,2.0
350,17,41.434647,2.1839408,2019-07-12 06:01:05,IN_VEHICLE,7,12,0 days 06:01:05.000000000,6,weekday,am,21.0
351,12,41.4011083,2.1851776,2019-07-12 06:22:19,IN_VEHICLE,7,12,0 days 06:22:19.000000000,6,weekday,am,0.0
352,3,41.3985724,2.1871035,2019-07-12 16:04:01,IN_VEHICLE,7,12,0 days 16:04:01.000000000,16,weekday,pm,55.0
353,30,41.5296749,2.1089682,2019-07-12 16:59:21,IN_VEHICLE,7,12,0 days 16:59:21.000000000,16,weekday,pm,6.0
354,16,41.5327731,2.1204159,2019-07-12 17:05:31,IN_VEHICLE,7,12,0 days 17:05:31.000000000,17,weekday,pm,4.0
355,28,41.5436523,2.1168207,2019-07-12 17:09:45,IN_VEHICLE,7,12,0 days 17:09:45.000000000,17,weekday,pm,0.0
356,33,41.5464144,2.1153474,2019-07-13 12:30:26,IN_VEHICLE,7,13,0 days 12:30:26.000000000,12,weekend,pm,26.0
357,15,41.5499965,2.114216,2019-07-13 12:57:05,IN_VEHICLE,7,13,0 days 12:57:05.000000000,12,weekend,pm,0.0
358,6,41.5499034,2.1156236,2019-07-15 05:40:16,IN_VEHICLE,7,15,0 days 05:40:16.000000000,5,weekday,am,18.0
359,17,41.4507356,2.1884713,2019-07-15 05:59:15,IN_VEHICLE,7,15,0 days 05:59:15.000000000,5,weekday,am,22.0
360,15,41.4144268,2.1869096,2019-07-15 06:21:45,IN_VEHICLE,7,15,0 days 06:21:45.000000000,6,weekday,am,14.0
361,79,41.4006931,2.1870827,2019-07-15 06:36:01,IN_VEHICLE,7,15,0 days 06:36:01.000000000,6,weekday,am,0.0
362,4,41.4027248,2.1868515,2019-07-15 16:14:54,IN_VEHICLE,7,15,0 days 16:14:54.000000000,16,weekday,pm,32.0
363,35,41.529214,2.1075793,2019-07-15 16:47:34,IN_VEHICLE,7,15,0 days 16:47:34.000000000,16,weekday,pm,13.0
364,70,41.5296585,2.109008,2019-07-15 17:01:22,IN_VEHICLE,7,15,0 days 17:01:22.000000000,17,weekday,pm,12.0
365,14,41.5508489,2.11375,2019-07-15 17:13:44,IN_VEHICLE,7,15,0 days 17:13:44.000000000,17,weekday,pm,0.0
366,24,41.546238,2.1168353,2019-07-16 05:34:21,IN_VEHICLE,7,16,0 days 05:34:21.000000000,5,weekday,am,25.0
367,14,41.4327259,2.1828826,2019-07-16 05:59:49,IN_VEHICLE,7,16,0 days 05:59:49.000000000,5,weekday,am,2.0
368,50,41.4300655,2.1833626,2019-07-16 06:02:01,IN_VEHICLE,7,16,0 days 06:02:01.000000000,6,weekday,am,25.0
369,7,41.3999672,2.1847572,2019-07-16 06:27:13,IN_VEHICLE,7,16,0 days 06:27:13.000000000,6,weekday,am,0.0
370,200,41.4042084,2.1820245,2019-07-16 16:28:54,IN_VEHICLE,7,16,0 days 16:28:54.000000000,16,weekday,pm,26.0
371,64,41.5304868,2.1024094,2019-07-16 16:55:22,IN_VEHICLE,7,16,0 days 16:55:22.000000000,16,weekday,pm,6.0
372,28,41.5385027,2.1089605,2019-07-16 17:01:27,IN_VEHICLE,7,16,0 days 17:01:27.000000000,17,weekday,pm,4.0
373,899,41.5523474,2.1132687,2019-07-16 17:05:29,IN_VEHICLE,7,16,0 days 17:05:29.000000000,17,weekday,pm,0.0
374,6,41.5502511,2.115318,2019-07-17 05:31:40,IN_VEHICLE,7,17,0 days 05:31:40.000000000,5,weekday,am,26.0
375,17,41.4346166,2.1838622,2019-07-17 05:58:16,IN_VEHICLE,7,17,0 days 05:58:16.000000000,5,weekday,am,2.0
376,29,41.4332012,2.1835835,2019-07-17 06:00:27,IN_VEHICLE,7,17,0 days 06:00:27.000000000,6,weekday,am,24.0
377,15,41.4010855,2.1854324,2019-07-17 06:24:50,IN_VEHICLE,7,17,0 days 06:24:50.000000000,6,weekday,am,0.0
378,15,41.401388,2.184447,2019-07-17 16:24:07,IN_VEHICLE,7,17,0 days 16:24:07.000000000,16,weekday,pm,34.0
379,899,41.5166513,2.1022284,2019-07-17 16:58:48,IN_VEHICLE,7,17,0 days 16:58:48.000000000,16,weekday,pm,2.0
380,135,41.526771,2.1019422,2019-07-17 17:00:53,IN_VEHICLE,7,17,0 days 17:00:53.000000000,17,weekday,pm,27.0
381,24,41.5532217,2.1140874,2019-07-17 17:28:21,IN_VEHICLE,7,17,0 days 17:28:21.000000000,17,weekday,pm,0.0
382,23,41.5461422,2.1157694,2019-07-18 05:43:47,IN_VEHICLE,7,18,0 days 05:43:47.000000000,5,weekday,am,16.0
383,699,41.4478898,2.1875541,2019-07-18 05:59:55,IN_VEHICLE,7,18,0 days 05:59:55.000000000,5,weekday,am,0.0
384,500,41.3956902,2.1857108,2019-07-18 16:12:28,IN_VEHICLE,7,18,0 days 16:12:28.000000000,16,weekday,pm,42.0
385,14,41.5502193,2.1154655,2019-07-18 16:55:03,IN_VEHICLE,7,18,0 days 16:55:03.000000000,16,weekday,pm,8.0
386,13,41.5471034,2.1169864,2019-07-18 17:03:28,IN_VEHICLE,7,18,0 days 17:03:28.000000000,17,weekday,pm,50.0
387,14,41.5505387,2.1152678,2019-07-18 17:53:29,IN_VEHICLE,7,18,0 days 17:53:29.000000000,17,weekday,pm,0.0
388,13,41.5502724,2.1152769,2019-07-19 05:37:44,IN_VEHICLE,7,19,0 days 05:37:44.000000000,5,weekday,am,21.0
389,813,41.4781067,2.162347,2019-07-19 05:58:59,IN_VEHICLE,7,19,0 days 05:58:59.000000000,5,weekday,am,2.0
390,2426,41.4781067,2.162347,2019-07-19 06:01:03,IN_VEHICLE,7,19,0 days 06:01:03.000000000,6,weekday,am,26.0
391,14,41.4050676,2.1820395,2019-07-19 06:27:06,IN_VEHICLE,7,19,0 days 06:27:06.000000000,6,weekday,am,0.0
392,16,41.40149,2.1847676,2019-07-19 15:50:16,IN_VEHICLE,7,19,0 days 15:50:16.000000000,15,weekday,pm,4.0
393,100,41.4050496,2.1874227,2019-07-19 15:54:21,IN_VEHICLE,7,19,0 days 15:54:21.000000000,15,weekday,pm,12.0
394,17,41.4185333,2.1871621,2019-07-19 16:06:34,IN_VEHICLE,7,19,0 days 16:06:34.000000000,16,weekday,pm,53.0
395,3,41.5404336,2.0978003,2019-07-19 16:59:34,IN_VEHICLE,7,19,0 days 16:59:34.000000000,16,weekday,pm,0.0
396,3,41.5410145,2.097607,2019-07-19 17:00:03,IN_VEHICLE,7,19,0 days 17:00:03.000000000,17,weekday,pm,34.0
397,14,41.5494319,2.1144427,2019-07-19 17:34:50,IN_VEHICLE,7,19,0 days 17:34:50.000000000,17,weekday,pm,0.0
398,6,41.5462765,2.1169044,2019-07-22 05:40:45,IN_VEHICLE,7,22,0 days 05:40:45.000000000,5,weekday,am,17.0
399,92,41.4582948,2.1832707,2019-07-22 05:58:30,IN_VEHICLE,7,22,0 days 05:58:30.000000000,5,weekday,am,2.0
400,38,41.4448021,2.1871362,2019-07-22 06:00:32,IN_VEHICLE,7,22,0 days 06:00:32.000000000,6,weekday,am,38.0
401,17,41.3983123,2.1889994,2019-07-22 06:39:27,IN_VEHICLE,7,22,0 days 06:39:27.000000000,6,weekday,am,0.0
402,600,41.3966523,2.184482,2019-07-22 13:46:12,IN_VEHICLE,7,22,0 days 13:46:12.000000000,13,weekday,pm,12.0
403,54,41.4399765,2.207453,2019-07-22 13:58:29,IN_VEHICLE,7,22,0 days 13:58:29.000000000,13,weekday,pm,1.0
404,600,41.4501923,2.1980007,2019-07-22 14:00:28,IN_VEHICLE,7,22,0 days 14:00:28.000000000,14,weekday,pm,14.0
405,14,41.5364409,2.1124914,2019-07-22 14:14:45,IN_VEHICLE,7,22,0 days 14:14:45.000000000,14,weekday,pm,0.0
406,199,41.5368598,2.1136688,2019-07-22 15:21:36,IN_VEHICLE,7,22,0 days 15:21:36.000000000,15,weekday,pm,4.0
407,834,41.5520113,2.1137636,2019-07-22 15:25:39,IN_VEHICLE,7,22,0 days 15:25:39.000000000,15,weekday,pm,0.0
408,15,41.5493626,2.115887,2019-07-22 16:41:55,IN_VEHICLE,7,22,0 days 16:41:55.000000000,16,weekday,pm,14.0
409,98,41.5317538,2.1050206,2019-07-22 16:56:12,IN_VEHICLE,7,22,0 days 16:56:12.000000000,16,weekday,pm,4.0
410,88,41.5326856,2.1034049,2019-07-22 17:00:16,IN_VEHICLE,7,22,0 days 17:00:16.000000000,17,weekday,pm,0.0
