,ID,Country,Year,Real growth rate,Per capita,In millions
0,1,"Total, all countries or areas",1985,3.5,2776.0,13518851.0
1,1,"Total, all countries or areas",1995,3.1,5406.0,31084222.0
2,1,"Total, all countries or areas",2005,3.9,7270.0,47550129.0
3,1,"Total, all countries or areas",2010,4.3,9508.0,66145612.0
4,1,"Total, all countries or areas",2015,2.8,10128.0,74757288.0
5,1,"Total, all countries or areas",2016,2.4,10159.0,75840177.0
6,1,"Total, all countries or areas",2017,3.1,10665.0,80501414.0
7,2,Africa,1985,3.6,937.0,517301.0
8,2,Africa,1995,3.2,807.0,582440.0
9,2,Africa,2005,6.0,1222.0,1128718.0
10,2,Africa,2010,5.3,1877.0,1966483.0
11,2,Africa,2015,2.7,1923.0,2293977.0
12,2,Africa,2016,1.7,1748.0,2138916.0
13,2,Africa,2017,2.9,1766.0,2215906.0
14,15,Northern Africa,1985,5.8,1103.0,142523.0
15,15,Northern Africa,1995,1.7,1270.0,207392.0
16,15,Northern Africa,2005,5.7,1908.0,373106.0
17,15,Northern Africa,2010,4.6,3182.0,648507.0
18,15,Northern Africa,2015,2.6,3245.0,728806.0
19,15,Northern Africa,2016,3.2,2983.0,682558.0
20,15,Northern Africa,2017,4.1,2823.0,657861.0
21,202,Sub-Saharan Africa,1985,2.6,886.0,374778.0
22,202,Sub-Saharan Africa,1995,3.9,671.0,375048.0
23,202,Sub-Saharan Africa,2005,6.1,1038.0,755612.0
24,202,Sub-Saharan Africa,2010,5.7,1561.0,1317975.0
25,202,Sub-Saharan Africa,2015,2.8,1617.0,1565171.0
26,202,Sub-Saharan Africa,2016,1.1,1464.0,1456357.0
27,202,Sub-Saharan Africa,2017,2.4,1525.0,1558044.0
28,14,Eastern Africa,1985,2.2,388.0,64114.0
29,14,Eastern Africa,1995,4.6,309.0,67938.0
30,14,Eastern Africa,2005,6.4,382.0,111482.0
31,14,Eastern Africa,2010,7.2,620.0,214641.0
32,14,Eastern Africa,2015,5.9,791.0,315078.0
33,14,Eastern Africa,2016,4.9,785.0,321275.0
34,14,Eastern Africa,2017,5.6,834.0,350941.0
35,17,Middle Africa,1985,1.6,572.0,35267.0
36,17,Middle Africa,1995,6.6,429.0,36081.0
37,17,Middle Africa,2005,8.7,889.0,99548.0
38,17,Middle Africa,2010,4.9,1439.0,189045.0
39,17,Middle Africa,2015,1.0,1544.0,237337.0
40,17,Middle Africa,2016,-0.9,1403.0,222542.0
41,17,Middle Africa,2017,-0.5,1533.0,250577.0
42,18,Southern Africa,1985,-1.0,1645.0,62927.0
43,18,Southern Africa,1995,3.3,3518.0,168964.0
44,18,Southern Africa,2005,5.2,5013.0,279562.0
45,18,Southern Africa,2010,3.3,6884.0,406242.0
46,18,Southern Africa,2015,1.3,5521.0,350139.0
47,18,Southern Africa,2016,0.7,5113.0,328716.0
48,18,Southern Africa,2017,1.3,5934.0,386563.0
49,11,Western Africa,1985,8.9,1346.0,212470.0
50,11,Western Africa,1995,3.3,494.0,102064.0
51,11,Western Africa,2005,6.0,987.0,265020.0
52,11,Western Africa,2010,7.3,1651.0,508048.0
53,11,Western Africa,2015,3.1,1879.0,662617.0
54,11,Western Africa,2016,0.5,1612.0,583825.0
55,11,Western Africa,2017,2.7,1532.0,569962.0
56,19,Americas,1985,4.1,8185.0,5491739.0
57,19,Americas,1995,2.4,13078.0,10213265.0
58,19,Americas,2005,3.7,19223.0,17070406.0
59,19,Americas,2010,3.4,23370.0,21951438.0
60,19,Americas,2015,1.9,25590.0,25261020.0
61,19,Americas,2016,0.8,25584.0,25492004.0
62,19,Americas,2017,1.9,26748.0,26896468.0
63,21,Northern America,1985,4.2,17637.0,4705619.0
64,21,Northern America,1995,2.7,27948.0,8247641.0
65,21,Northern America,2005,3.5,43392.0,14212748.0
66,21,Northern America,2010,2.6,48447.0,16613872.0
67,21,Northern America,2015,2.7,55563.0,19780210.0
68,21,Northern America,2016,1.6,56452.0,20242949.0
69,21,Northern America,2017,2.3,58531.0,21141574.0
70,419,Latin America & the Caribbean,1985,3.6,1945.0,786120.0
71,419,Latin America & the Caribbean,1995,1.5,4046.0,1965625.0
72,419,Latin America & the Caribbean,2005,4.3,5098.0,2857658.0
73,419,Latin America & the Caribbean,2010,5.8,8950.0,5337566.0
74,419,Latin America & the Caribbean,2015,-0.5,8684.0,5480810.0
75,419,Latin America & the Caribbean,2016,-1.5,8230.0,5249055.0
76,419,Latin America & the Caribbean,2017,0.8,8931.0,5754894.0
77,29,Caribbean,1985,0.8,2222.0,69195.0
78,29,Caribbean,1995,4.0,3369.0,119686.0
79,29,Caribbean,2005,3.4,5654.0,221390.0
80,29,Caribbean,2010,1.8,7089.0,288896.0
81,29,Caribbean,2015,2.3,8055.0,341075.0
82,29,Caribbean,2016,0.9,8137.0,346934.0
83,29,Caribbean,2017,0.8,8262.0,354606.0
84,13,Central America,1985,2.6,2496.0,258698.0
85,13,Central America,1995,-5.2,3250.0,412184.0
86,13,Central America,2005,2.5,6560.0,972224.0
87,13,Central America,2010,5.0,7538.0,1210291.0
88,13,Central America,2015,3.4,8121.0,1401962.0
89,13,Central America,2016,3.0,7554.0,1321864.0
90,13,Central America,2017,2.3,7990.0,1416752.0
91,5,South America,1985,4.2,1701.0,458228.0
92,5,South America,1995,3.7,4433.0,1433755.0
93,5,South America,2005,5.0,4460.0,1664043.0
94,5,South America,2010,6.4,9716.0,3838379.0
95,5,South America,2015,-1.9,8981.0,3737774.0
96,5,South America,2016,-3.2,8521.0,3580257.0
97,5,South America,2017,0.3,9393.0,3983536.0
98,142,Asia,1985,4.6,1010.0,2880324.0
99,142,Asia,1995,5.1,2636.0,9195635.0
100,142,Asia,2005,5.6,3113.0,12338718.0
101,142,Asia,2010,7.3,4982.0,20892982.0
102,142,Asia,2015,4.5,6018.0,26598242.0
103,142,Asia,2016,4.5,6177.0,27563610.0
104,142,Asia,2017,4.7,6545.0,29477988.0
105,143,Central Asia,1995,-6.9,729.0,38937.0
106,143,Central Asia,2005,9.2,1540.0,90468.0
107,143,Central Asia,2010,7.5,3493.0,220593.0
108,143,Central Asia,2015,3.2,4394.0,301877.0
109,143,Central Asia,2016,2.9,3649.0,254659.0
110,143,Central Asia,2017,4.7,3694.0,261710.0
111,30,Eastern Asia,1985,6.2,1506.0,1922987.0
112,30,Eastern Asia,1995,4.8,4904.0,7177176.0
113,30,Eastern Asia,2005,5.2,5483.0,8524913.0
114,30,Eastern Asia,2010,7.5,8535.0,13619284.0
115,30,Eastern Asia,2015,4.2,10857.0,17750809.0
116,30,Eastern Asia,2016,4.1,11256.0,18479876.0
117,30,Eastern Asia,2017,4.7,11914.0,19634506.0
118,35,South-eastern Asia,1985,0.7,609.0,243805.0
119,35,South-eastern Asia,1995,7.9,1449.0,703488.0
120,35,South-eastern Asia,2005,5.7,1707.0,958893.0
121,35,South-eastern Asia,2010,7.8,3316.0,1980866.0
122,35,South-eastern Asia,2015,4.6,3876.0,2460015.0
123,35,South-eastern Asia,2016,4.6,4012.0,2574987.0
124,35,South-eastern Asia,2017,5.1,4266.0,2767984.0
125,34,Southern Asia,1985,4.3,349.0,370097.0
126,34,Southern Asia,1995,6.1,467.0,616292.0
127,34,Southern Asia,2005,6.7,802.0,1270195.0
128,34,Southern Asia,2010,7.3,1491.0,2542992.0
129,34,Southern Asia,2015,6.2,1716.0,3128656.0
130,34,Southern Asia,2016,7.8,1800.0,3323136.0
131,34,Southern Asia,2017,6.1,1994.0,3726063.0
132,145,Western Asia,1985,-0.7,2967.0,343435.0
133,145,Western Asia,1995,4.3,3959.0,659741.0
134,145,Western Asia,2005,6.9,7273.0,1494249.0
135,145,Western Asia,2010,5.7,10881.0,2529247.0
136,145,Western Asia,2015,4.0,11469.0,2956885.0
137,145,Western Asia,2016,3.0,11161.0,2930952.0
138,145,Western Asia,2017,2.9,11550.0,3087724.0
139,150,Europe,1985,2.5,5732.0,4415032.0
140,150,Europe,1995,2.3,14557.0,10619622.0
141,150,Europe,2005,2.5,22012.0,16112496.0
142,150,Europe,2010,2.3,26868.0,19854417.0
143,150,Europe,2015,1.8,25763.0,19133917.0
144,150,Europe,2016,1.8,25705.0,19107907.0
145,150,Europe,2017,2.3,27222.0,20253103.0
146,151,Eastern Europe,1985,1.6,3023.0,1124317.0
147,151,Eastern Europe,1995,-1.0,2549.0,789180.0
148,151,Eastern Europe,2005,5.6,5474.0,1628697.0
149,151,Eastern Europe,2010,3.4,9722.0,2863393.0
150,151,Eastern Europe,2015,-0.3,8954.0,2625765.0
151,151,Eastern Europe,2016,1.2,8729.0,2556626.0
152,151,Eastern Europe,2017,3.0,10257.0,2999690.0
153,154,Northern Europe,1985,4.0,9783.0,810121.0
154,154,Northern Europe,1995,4.0,23267.0,2164279.0
155,154,Northern Europe,2005,3.2,41391.0,3977645.0
156,154,Northern Europe,2010,2.1,42559.0,4256951.0
157,154,Northern Europe,2015,3.7,45873.0,4715832.0
158,154,Northern Europe,2016,2.2,43648.0,4510787.0
159,154,Northern Europe,2017,2.4,44352.0,4608254.0
160,39,Southern Europe,1985,2.5,5514.0,783494.0
161,39,Southern Europe,1995,3.0,14667.0,2120827.0
162,39,Southern Europe,2005,1.9,23983.0,3606052.0
163,39,Southern Europe,2010,0.6,27967.0,4304395.0
164,39,Southern Europe,2015,1.9,23754.0,3620250.0
165,39,Southern Europe,2016,1.7,24261.0,3691053.0
166,39,Southern Europe,2017,2.1,25490.0,3873340.0
167,155,Western Europe,1985,2.2,9784.0,1697100.0
168,155,Western Europe,1995,2.0,30415.0,5545336.0
169,155,Western Europe,2005,1.5,36699.0,6900101.0
170,155,Western Europe,2010,2.9,44254.0,8429679.0
171,155,Western Europe,2015,1.6,42072.0,8172070.0
172,155,Western Europe,2016,1.8,42823.0,8349442.0
173,155,Western Europe,2017,2.2,44828.0,8771820.0
174,9,Oceania,1985,3.6,8673.0,214454.0
175,9,Oceania,1995,3.9,16369.0,473260.0
176,9,Oceania,2005,2.9,27046.0,899792.0
177,9,Oceania,2010,2.4,40723.0,1480293.0
178,9,Oceania,2015,3.0,37450.0,1470130.0
179,9,Oceania,2016,2.1,38608.0,1537740.0
180,9,Oceania,2017,2.9,41037.0,1657949.0
181,53,Australia and New Zealand,1985,3.6,10860.0,206320.0
182,53,Australia and New Zealand,1995,4.0,20883.0,454246.0
183,53,Australia and New Zealand,2005,2.9,35903.0,875117.0
184,53,Australia and New Zealand,2010,2.3,54505.0,1443843.0
185,53,Australia and New Zealand,2015,3.0,50116.0,1424009.0
186,53,Australia and New Zealand,2016,2.1,51839.0,1492274.0
187,53,Australia and New Zealand,2017,2.9,55244.0,1610720.0
188,54,Melanesia,1985,2.5,1179.0,5971.0
189,54,Melanesia,1995,0.8,2118.0,13533.0
190,54,Melanesia,2005,3.6,2156.0,17353.0
191,54,Melanesia,2010,8.0,3135.0,28167.0
192,54,Melanesia,2015,5.3,3857.0,38317.0
193,54,Melanesia,2016,0.8,3697.0,37435.0
194,54,Melanesia,2017,0.6,3764.0,38850.0
195,57,Micronesia,1985,2.4,1222.0,257.0
196,57,Micronesia,1995,3.9,2066.0,544.0
197,57,Micronesia,2005,1.5,2560.0,718.0
198,57,Micronesia,2010,2.8,2983.0,863.0
199,57,Micronesia,2015,5.8,3461.0,1046.0
200,57,Micronesia,2016,2.0,3643.0,1112.0
201,57,Micronesia,2017,1.4,3695.0,1139.0
202,61,Polynesia,1985,5.4,4184.0,1906.0
203,61,Polynesia,1995,0.8,9689.0,4937.0
204,61,Polynesia,2005,1.6,11674.0,6603.0
205,61,Polynesia,2010,-1.6,12636.0,7420.0
206,61,Polynesia,2015,1.7,11148.0,6758.0
207,61,Polynesia,2016,2.3,11325.0,6919.0
208,61,Polynesia,2017,2.1,11754.0,7241.0
209,4,Afghanistan,1985,0.3,282.0,3322.0
210,4,Afghanistan,1995,49.9,189.0,3236.0
211,4,Afghanistan,2005,9.9,264.0,6622.0
212,4,Afghanistan,2010,3.2,558.0,16078.0
213,4,Afghanistan,2015,-1.8,611.0,20608.0
214,4,Afghanistan,2016,3.6,584.0,20235.0
215,4,Afghanistan,2017,2.5,619.0,21993.0
216,8,Albania,1985,1.8,783.0,2324.0
217,8,Albania,1995,13.3,770.0,2393.0
218,8,Albania,2005,5.5,2615.0,8052.0
219,8,Albania,2010,3.7,4056.0,11927.0
220,8,Albania,2015,2.2,3895.0,11387.0
221,8,Albania,2016,3.4,4061.0,11884.0
222,8,Albania,2017,3.8,4450.0,13039.0
223,12,Algeria,1985,3.7,2564.0,57866.0
224,12,Algeria,1995,3.8,1452.0,41971.0
225,12,Algeria,2005,5.9,3100.0,103198.0
226,12,Algeria,2010,3.6,4463.0,161207.0
227,12,Algeria,2015,3.7,4163.0,165979.0
228,12,Algeria,2016,3.2,3943.0,160130.0
229,12,Algeria,2017,1.4,4055.0,167555.0
230,20,Andorra,1985,2.3,9837.0,439.0
231,20,Andorra,1995,2.8,23359.0,1491.0
232,20,Andorra,2005,7.4,41281.0,3256.0
233,20,Andorra,2010,-5.4,39734.0,3355.0
234,20,Andorra,2015,0.8,36040.0,2812.0
235,20,Andorra,2016,1.9,37230.0,2877.0
236,20,Andorra,2017,1.7,39153.0,3013.0
237,24,Angola,1985,3.5,859.0,9109.0
238,24,Angola,1995,15.0,466.0,6642.0
239,24,Angola,2005,15.0,1891.0,36971.0
240,24,Angola,2010,4.9,3586.0,83799.0
241,24,Angola,2015,0.9,4171.0,116194.0
242,24,Angola,2016,-2.6,3510.0,101124.0
243,24,Angola,2017,-2.5,4247.0,126506.0
244,660,Anguilla,1985,12.9,4072.0,27.0
245,660,Anguilla,1995,-2.3,10583.0,104.0
246,660,Anguilla,2005,13.1,18129.0,229.0
247,660,Anguilla,2010,-4.5,19459.0,268.0
248,660,Anguilla,2015,3.1,22622.0,331.0
249,660,Anguilla,2016,-1.3,21480.0,317.0
250,660,Anguilla,2017,-7.7,18861.0,281.0
251,28,Antigua and Barbuda,1985,7.7,3508.0,245.0
252,28,Antigua and Barbuda,1995,-4.4,7841.0,577.0
253,28,Antigua and Barbuda,2005,6.4,11453.0,1022.0
254,28,Antigua and Barbuda,2010,-7.2,12175.0,1152.0
255,28,Antigua and Barbuda,2015,4.0,13602.0,1359.0
256,28,Antigua and Barbuda,2016,5.6,14507.0,1465.0
257,28,Antigua and Barbuda,2017,3.0,14803.0,1510.0
258,32,Argentina,1985,-7.0,3144.0,95530.0
259,32,Argentina,1995,-2.8,7993.0,279701.0
260,32,Argentina,2005,8.9,5125.0,200622.0
261,32,Argentina,2010,10.1,10346.0,426487.0
262,32,Argentina,2015,2.7,14853.0,644903.0
263,32,Argentina,2016,-1.8,12654.0,554862.0
264,32,Argentina,2017,2.9,14400.0,637486.0
265,51,Armenia,1995,6.9,426.0,1372.0
266,51,Armenia,2005,13.9,1753.0,5226.0
267,51,Armenia,2010,2.2,3432.0,9875.0
268,51,Armenia,2015,3.2,3618.0,10553.0
269,51,Armenia,2016,0.2,3606.0,10546.0
270,51,Armenia,2017,7.5,3937.0,11537.0
271,533,Aruba,1985,9.1,6108.0,385.0
272,533,Aruba,1995,2.5,16442.0,1321.0
273,533,Aruba,2005,1.2,23303.0,2331.0
274,533,Aruba,2010,-3.4,23513.0,2391.0
275,533,Aruba,2015,-0.5,25796.0,2692.0
276,533,Aruba,2016,-0.2,25252.0,2647.0
277,533,Aruba,2017,1.3,25655.0,2701.0
278,36,Australia,1985,3.9,11584.0,182212.0
279,36,Australia,1995,3.9,21635.0,391094.0
280,36,Australia,2005,2.8,37571.0,760397.0
281,36,Australia,2010,2.5,58646.0,1297259.0
282,36,Australia,2015,2.8,52388.0,1246800.0
283,36,Australia,2016,2.0,54067.0,1304420.0
284,36,Australia,2017,2.9,57613.0,1408676.0
285,40,Austria,1985,2.5,9112.0,69388.0
286,40,Austria,1995,2.7,30169.0,241054.0
287,40,Austria,2005,2.2,38282.0,315967.0
288,40,Austria,2010,1.8,46599.0,391893.0
289,40,Austria,2015,1.1,43994.0,381806.0
290,40,Austria,2016,2.0,45230.0,394053.0
291,40,Austria,2017,2.6,47718.0,416836.0
292,31,Azerbaijan,1995,-11.8,396.0,3081.0
293,31,Azerbaijan,2005,28.0,1551.0,13245.0
294,31,Azerbaijan,2010,4.8,5857.0,52906.0
295,31,Azerbaijan,2015,1.0,5519.0,53076.0
296,31,Azerbaijan,2016,-3.1,3894.0,37867.0
297,31,Azerbaijan,2017,0.1,4146.0,40749.0
298,44,Bahamas,1985,4.8,12271.0,2880.0
299,44,Bahamas,1995,4.4,18264.0,5117.0
300,44,Bahamas,2005,3.4,29875.0,9836.0
301,44,Bahamas,2010,1.5,27979.0,10096.0
302,44,Bahamas,2015,-3.1,29056.0,11240.0
303,44,Bahamas,2016,0.2,28786.0,11262.0
304,44,Bahamas,2017,1.8,29825.0,11792.0
305,48,Bahrain,1985,-16.1,10669.0,4475.0
306,48,Bahrain,1995,1.9,12040.0,6787.0
307,48,Bahrain,2005,6.8,17959.0,15969.0
308,48,Bahrain,2010,4.3,20722.0,25713.0
309,48,Bahrain,2015,2.9,22689.0,31126.0
310,48,Bahrain,2016,3.5,22614.0,32228.0
311,48,Bahrain,2017,3.8,23668.0,35326.0
312,50,Bangladesh,1985,3.0,206.0,19169.0
313,50,Bangladesh,1995,4.9,319.0,37866.0
314,50,Bangladesh,2005,6.0,402.0,57628.0
315,50,Bangladesh,2010,5.6,753.0,114508.0
316,50,Bangladesh,2015,6.6,1206.0,194466.0
317,50,Bangladesh,2016,7.1,1352.0,220316.0
318,50,Bangladesh,2017,7.3,1492.0,245633.0
319,52,Barbados,1985,1.1,5569.0,1425.0
320,52,Barbados,1995,2.0,8585.0,2275.0
321,52,Barbados,2005,4.0,14223.0,3897.0
322,52,Barbados,2010,0.3,15613.0,4365.0
323,52,Barbados,2015,0.9,15704.0,4463.0
324,52,Barbados,2016,1.6,16043.0,4572.0
325,52,Barbados,2017,0.9,16494.0,4713.0
326,112,Belarus,1995,-10.4,1412.0,14324.0
327,112,Belarus,2005,9.4,3246.0,31232.0
328,112,Belarus,2010,7.8,6042.0,57232.0
329,112,Belarus,2015,-3.8,5952.0,56455.0
330,112,Belarus,2016,-2.5,5034.0,47724.0
331,112,Belarus,2017,2.4,5750.0,54441.0
332,56,Belgium,1985,1.7,8746.0,86728.0
333,56,Belgium,1995,2.4,28427.0,289571.0
334,56,Belgium,2005,2.1,36727.0,387356.0
335,56,Belgium,2010,2.7,44205.0,483548.0
336,56,Belgium,2015,1.7,40383.0,455838.0
337,56,Belgium,2016,1.5,41356.0,469739.0
338,56,Belgium,2017,1.7,43289.0,494764.0
339,84,Belize,1985,1.0,1268.0,209.0
340,84,Belize,1995,4.2,2834.0,587.0
341,84,Belize,2005,3.0,3933.0,1114.0
342,84,Belize,2010,3.3,4344.0,1397.0
343,84,Belize,2015,3.8,4950.0,1779.0
344,84,Belize,2016,-0.5,4960.0,1820.0
345,84,Belize,2017,0.5,5077.0,1902.0
346,204,Benin,1985,7.5,264.0,1130.0
347,204,Benin,1995,10.1,397.0,2345.0
348,204,Benin,2005,1.7,602.0,4804.0
349,204,Benin,2010,2.1,758.0,6970.0
350,204,Benin,2015,6.5,799.0,8454.0
351,204,Benin,2016,5.0,788.0,8572.0
352,204,Benin,2017,5.0,826.0,9236.0
353,60,Bermuda,1985,4.2,24241.0,1428.0
354,60,Bermuda,1995,5.4,40780.0,2557.0
355,60,Bermuda,2005,1.7,74745.0,4868.0
356,60,Bermuda,2010,-2.5,91516.0,5853.0
357,60,Bermuda,2015,0.4,95006.0,5891.0
358,60,Bermuda,2016,-0.1,98809.0,6093.0
359,60,Bermuda,2017,2.5,102192.0,6269.0
360,64,Bhutan,1985,5.7,369.0,172.0
361,64,Bhutan,1995,6.8,562.0,289.0
362,64,Bhutan,2005,7.1,1247.0,819.0
363,64,Bhutan,2010,11.7,2179.0,1585.0
364,64,Bhutan,2015,6.6,2615.0,2059.0
365,64,Bhutan,2016,8.0,2774.0,2213.0
366,64,Bhutan,2017,6.0,3173.0,2562.0
367,68,Bolivia (Plurin. State of),1985,-1.0,664.0,4122.0
368,68,Bolivia (Plurin. State of),1995,4.7,887.0,6715.0
369,68,Bolivia (Plurin. State of),2005,4.4,1046.0,9549.0
370,68,Bolivia (Plurin. State of),2010,4.1,1981.0,19650.0
371,68,Bolivia (Plurin. State of),2015,4.9,3077.0,33000.0
372,68,Bolivia (Plurin. State of),2016,4.3,3117.0,33941.0
373,68,Bolivia (Plurin. State of),2017,4.2,3394.0,37509.0
374,70,Bosnia and Herzegovina,1995,20.8,529.0,2034.0
375,70,Bosnia and Herzegovina,2005,3.9,2968.0,11223.0
376,70,Bosnia and Herzegovina,2010,0.9,4615.0,17176.0
377,70,Bosnia and Herzegovina,2015,3.1,4584.0,16210.0
378,70,Bosnia and Herzegovina,2016,3.1,4809.0,16911.0
379,70,Bosnia and Herzegovina,2017,3.0,5181.0,18169.0
380,72,Botswana,1985,9.2,704.0,838.0
381,72,Botswana,1995,7.0,3015.0,4731.0
382,72,Botswana,2005,4.6,5351.0,9931.0
383,72,Botswana,2010,8.6,6346.0,12787.0
384,72,Botswana,2015,-1.7,6528.0,14421.0
385,72,Botswana,2016,4.3,6954.0,15649.0
386,72,Botswana,2017,2.4,7596.0,17407.0
387,76,Brazil,1985,7.8,1382.0,187460.0
388,76,Brazil,1995,4.2,4794.0,778053.0
389,76,Brazil,2005,3.2,4770.0,891634.0
390,76,Brazil,2010,7.5,11224.0,2208838.0
391,76,Brazil,2015,-3.8,8750.0,1802212.0
392,76,Brazil,2016,-3.5,8634.0,1792800.0
393,76,Brazil,2017,1.0,9821.0,2055512.0
394,92,British Virgin Islands,1985,1.4,3396.0,45.0
395,92,British Virgin Islands,1995,24.1,21114.0,389.0
396,92,British Virgin Islands,2005,15.5,36802.0,853.0
397,92,British Virgin Islands,2010,-0.1,32183.0,876.0
398,92,British Virgin Islands,2015,0.3,31698.0,955.0
399,92,British Virgin Islands,2016,0.3,31677.0,971.0
400,92,British Virgin Islands,2017,0.5,31917.0,996.0
401,96,Brunei Darussalam,1985,-1.5,19712.0,4425.0
402,96,Brunei Darussalam,1995,4.5,17650.0,5245.0
403,96,Brunei Darussalam,2005,0.4,28923.0,10561.0
404,96,Brunei Darussalam,2010,2.6,35267.0,13707.0
405,96,Brunei Darussalam,2015,-0.4,30968.0,12930.0
406,96,Brunei Darussalam,2016,-2.5,26939.0,11400.0
407,96,Brunei Darussalam,2017,1.3,28291.0,12128.0
408,100,Bulgaria,1985,2.7,1837.0,16486.0
409,100,Bulgaria,1995,2.9,1723.0,14433.0
410,100,Bulgaria,2005,7.1,3857.0,29636.0
411,100,Bulgaria,2010,1.3,6835.0,50610.0
412,100,Bulgaria,2015,3.5,6994.0,50201.0
413,100,Bulgaria,2016,3.9,7465.0,53240.0
414,100,Bulgaria,2017,3.8,8218.0,58222.0
415,854,Burkina Faso,1985,8.5,203.0,1569.0
416,854,Burkina Faso,1995,5.7,238.0,2404.0
417,854,Burkina Faso,2005,8.7,407.0,5463.0
418,854,Burkina Faso,2010,8.4,575.0,8980.0
419,854,Burkina Faso,2015,3.9,575.0,10416.0
420,854,Burkina Faso,2016,5.9,583.0,10864.0
421,854,Burkina Faso,2017,6.3,642.0,12325.0
422,108,Burundi,1985,11.7,249.0,1171.0
423,108,Burundi,1995,-7.0,168.0,1000.0
424,108,Burundi,2005,0.9,150.0,1117.0
425,108,Burundi,2010,5.1,232.0,2032.0
426,108,Burundi,2015,-0.4,276.0,2811.0
427,108,Burundi,2016,2.8,277.0,2916.0
428,108,Burundi,2017,0.0,290.0,3155.0
429,132,Cabo Verde,1985,8.6,497.0,157.0
430,132,Cabo Verde,1995,7.5,1434.0,558.0
431,132,Cabo Verde,2005,6.5,2329.0,1105.0
432,132,Cabo Verde,2010,1.5,3313.0,1664.0
433,132,Cabo Verde,2015,1.0,2995.0,1596.0
434,132,Cabo Verde,2016,4.7,3082.0,1663.0
435,132,Cabo Verde,2017,4.0,3245.0,1773.0
436,116,Cambodia,1985,4.7,137.0,1059.0
437,116,Cambodia,1995,5.9,311.0,3309.0
438,116,Cambodia,2005,13.2,474.0,6293.0
439,116,Cambodia,2010,6.0,786.0,11242.0
440,116,Cambodia,2015,7.0,1163.0,18050.0
441,116,Cambodia,2016,6.9,1270.0,20017.0
442,116,Cambodia,2017,7.0,1382.0,22121.0
443,120,Cameroon,1985,2.4,955.0,9597.0
444,120,Cameroon,1995,3.5,716.0,9641.0
445,120,Cameroon,2005,2.0,1030.0,17944.0
446,120,Cameroon,2010,3.4,1309.0,26144.0
447,120,Cameroon,2015,5.7,1353.0,30905.0
448,120,Cameroon,2016,4.6,1392.0,32618.0
449,120,Cameroon,2017,3.5,1452.0,34924.0
450,124,Canada,1985,4.7,14098.0,364761.0
451,124,Canada,1995,2.7,20594.0,604014.0
452,124,Canada,2005,3.2,36218.0,1169393.0
453,124,Canada,2010,3.1,47221.0,1613463.0
454,124,Canada,2015,1.0,43186.0,1552523.0
455,124,Canada,2016,1.4,42077.0,1526954.0
456,124,Canada,2017,3.0,44974.0,1647120.0
457,136,Cayman Islands,1985,3.5,21544.0,416.0
458,136,Cayman Islands,1995,4.8,40930.0,1296.0
459,136,Cayman Islands,2005,6.5,62559.0,3042.0
460,136,Cayman Islands,2010,-2.7,58859.0,3267.0
461,136,Cayman Islands,2015,2.8,62592.0,3753.0
462,136,Cayman Islands,2016,3.5,64179.0,3900.0
463,136,Cayman Islands,2017,2.3,65472.0,4030.0
464,140,Central African Republic,1985,3.3,344.0,905.0
465,140,Central African Republic,1995,5.2,348.0,1167.0
466,140,Central African Republic,2005,2.4,342.0,1413.0
467,140,Central African Republic,2010,3.6,457.0,2034.0
468,140,Central African Republic,2015,4.8,359.0,1632.0
469,140,Central African Republic,2016,4.5,394.0,1810.0
470,140,Central African Republic,2017,4.3,428.0,1993.0
471,148,Chad,1985,7.9,194.0,987.0
472,148,Chad,1995,1.4,235.0,1643.0
473,148,Chad,2005,7.9,664.0,6681.0
474,148,Chad,2010,15.0,923.0,10970.0
475,148,Chad,2015,3.8,838.0,11733.0
476,148,Chad,2016,-2.7,758.0,10953.0
477,148,Chad,2017,-3.1,719.0,10717.0
478,152,Chile,1985,2.0,1559.0,18985.0
479,152,Chile,1995,10.6,5253.0,75099.0
480,152,Chile,2005,6.2,7615.0,122965.0
481,152,Chile,2010,5.8,12860.0,218538.0
482,152,Chile,2015,2.3,13737.0,243999.0
483,152,Chile,2016,1.3,13961.0,250036.0
484,152,Chile,2017,1.5,15347.0,277081.0
485,156,China,1985,13.4,289.0,309839.0
486,156,China,1995,11.0,592.0,734485.0
487,156,China,2005,11.4,1730.0,2285960.0
488,156,China,2010,10.6,4487.0,6100648.0
489,156,China,2015,6.9,7920.0,11064687.0
490,156,China,2016,6.7,7974.0,11191030.0
491,156,China,2017,6.9,8682.0,12237782.0
492,344,"China, Hong Kong SAR",1985,0.8,6688.0,35700.0
493,344,"China, Hong Kong SAR",1995,2.4,23559.0,144652.0
494,344,"China, Hong Kong SAR",2005,7.4,26593.0,181569.0
495,344,"China, Hong Kong SAR",2010,6.8,32545.0,228639.0
496,344,"China, Hong Kong SAR",2015,2.4,42699.0,309386.0
497,344,"China, Hong Kong SAR",2016,2.1,43938.0,320874.0
498,344,"China, Hong Kong SAR",2017,3.8,46390.0,341659.0
499,446,"China, Macao SAR",1985,0.7,4756.0,1349.0
500,446,"China, Macao SAR",1995,3.3,18139.0,6996.0
501,446,"China, Macao SAR",2005,8.1,25059.0,12092.0
502,446,"China, Macao SAR",2010,25.3,52375.0,28124.0
503,446,"China, Macao SAR",2015,-21.6,75485.0,45362.0
504,446,"China, Macao SAR",2016,-0.9,74018.0,45311.0
505,446,"China, Macao SAR",2017,9.1,80893.0,50361.0
506,170,Colombia,1985,3.1,1590.0,49322.0
507,170,Colombia,1995,5.2,2946.0,110292.0
508,170,Colombia,2005,4.7,3386.0,146566.0
509,170,Colombia,2010,4.0,6251.0,287018.0
510,170,Colombia,2015,3.1,6045.0,291520.0
511,170,Colombia,2016,2.0,5757.0,280091.0
512,170,Colombia,2017,1.8,6302.0,309191.0
513,174,Comoros,1985,2.0,675.0,240.0
514,174,Comoros,1995,3.6,1016.0,483.0
515,174,Comoros,2005,2.8,1287.0,787.0
516,174,Comoros,2010,4.8,1315.0,907.0
517,174,Comoros,2015,2.0,1271.0,988.0
518,174,Comoros,2016,4.1,1283.0,1021.0
519,174,Comoros,2017,3.4,1330.0,1082.0
520,178,Congo,1985,-1.2,1099.0,2339.0
521,178,Congo,1995,4.0,789.0,2207.0
522,178,Congo,2005,7.6,1708.0,6350.0
523,178,Congo,2010,15.0,3118.0,13678.0
524,178,Congo,2015,-13.2,2220.0,11092.0
525,178,Congo,2016,-2.8,1970.0,10100.0
526,178,Congo,2017,-3.1,2147.0,11292.0
527,184,Cook Islands,1985,8.8,1591.0,28.0
528,184,Cook Islands,1995,-4.4,5588.0,106.0
529,184,Cook Islands,2005,-1.1,9262.0,183.0
530,184,Cook Islands,2010,-3.0,13758.0,255.0
531,184,Cook Islands,2015,3.8,16350.0,285.0
532,184,Cook Islands,2016,5.9,16572.0,288.0
533,184,Cook Islands,2017,1.9,17798.0,309.0
534,188,Costa Rica,1985,0.7,1827.0,4989.0
535,188,Costa Rica,1995,4.1,3278.0,11507.0
536,188,Costa Rica,2005,3.9,4697.0,19952.0
537,188,Costa Rica,2010,5.0,8199.0,37269.0
538,188,Costa Rica,2015,3.6,11393.0,54776.0
539,188,Costa Rica,2016,4.2,11733.0,56989.0
540,188,Costa Rica,2017,3.2,11734.0,57565.0
541,384,Côte d’Ivoire,1985,4.5,683.0,6978.0
542,384,Côte d’Ivoire,1995,7.1,764.0,11105.0
543,384,Côte d’Ivoire,2005,1.7,932.0,17085.0
544,384,Côte d’Ivoire,2010,2.0,1220.0,24885.0
545,384,Côte d’Ivoire,2015,8.8,1433.0,33119.0
546,384,Côte d’Ivoire,2016,8.0,1489.0,35293.0
547,384,Côte d’Ivoire,2017,7.7,1566.0,38055.0
548,191,Croatia,1995,6.8,4849.0,22388.0
549,191,Croatia,2005,4.1,10358.0,45347.0
550,191,Croatia,2010,-1.5,13832.0,59866.0
551,191,Croatia,2015,2.4,11690.0,49519.0
552,191,Croatia,2016,3.5,12253.0,51624.0
553,191,Croatia,2017,2.9,13177.0,55201.0
554,192,Cuba,1985,1.6,2273.0,22921.0
555,192,Cuba,1995,2.5,2790.0,30428.0
556,192,Cuba,2005,11.2,3779.0,42644.0
557,192,Cuba,2010,2.4,5676.0,64328.0
558,192,Cuba,2015,4.4,7609.0,87206.0
559,192,Cuba,2016,0.5,7962.0,91370.0
560,192,Cuba,2017,1.8,8433.0,96851.0
561,531,Curaçao,2010,0.1,19994.0,2951.0
562,531,Curaçao,2015,0.3,19948.0,3152.0
563,531,Curaçao,2016,-1.0,19591.0,3122.0
564,196,Cyprus,1985,4.7,4957.0,2682.0
565,196,Cyprus,1995,9.9,15102.0,9827.0
566,196,Cyprus,2005,4.9,25682.0,18967.0
567,196,Cyprus,2010,1.3,30817.0,25561.0
568,196,Cyprus,2015,2.0,23236.0,19681.0
569,196,Cyprus,2016,4.8,24110.0,20453.0
570,196,Cyprus,2017,4.2,25790.0,22054.0
571,203,Czechia,1995,6.2,5771.0,59774.0
572,203,Czechia,2005,6.5,13285.0,136281.0
573,203,Czechia,2010,2.3,19692.0,207478.0
574,203,Czechia,2015,5.3,17619.0,186830.0
575,203,Czechia,2016,2.5,18386.0,195090.0
576,203,Czechia,2017,4.3,20326.0,215825.0
577,408,Dem. People's Rep. Korea,1985,3.7,722.0,12075.0
578,408,Dem. People's Rep. Korea,1995,-4.4,222.0,4849.0
579,408,Dem. People's Rep. Korea,2005,3.8,548.0,13031.0
580,408,Dem. People's Rep. Korea,2010,-0.5,570.0,13945.0
581,408,Dem. People's Rep. Korea,2015,-1.1,648.0,16283.0
582,408,Dem. People's Rep. Korea,2016,3.9,665.0,16789.0
583,408,Dem. People's Rep. Korea,2017,-3.5,685.0,17365.0
584,180,Dem. Rep. of the Congo,1985,0.5,252.0,7524.0
585,180,Dem. Rep. of the Congo,1995,0.7,215.0,8947.0
586,180,Dem. Rep. of the Congo,2005,6.1,219.0,11965.0
587,180,Dem. Rep. of the Congo,2010,7.1,334.0,21566.0
588,180,Dem. Rep. of the Congo,2015,6.9,498.0,37918.0
589,180,Dem. Rep. of the Congo,2016,2.4,512.0,40338.0
590,180,Dem. Rep. of the Congo,2017,3.7,463.0,37642.0
591,208,Denmark,1985,4.0,12252.0,62659.0
592,208,Denmark,1995,3.0,35356.0,185008.0
593,208,Denmark,2005,2.3,48779.0,264467.0
594,208,Denmark,2010,1.9,57967.0,321995.0
595,208,Denmark,2015,2.3,53206.0,302673.0
596,208,Denmark,2016,2.4,54621.0,311988.0
597,208,Denmark,2017,2.3,57533.0,329866.0
598,262,Djibouti,1985,-0.2,846.0,360.0
599,262,Djibouti,1995,5.6,788.0,497.0
600,262,Djibouti,2005,3.2,861.0,674.0
601,262,Djibouti,2010,3.5,1192.0,1015.0
602,262,Djibouti,2015,9.7,1762.0,1634.0
603,262,Djibouti,2016,8.7,1872.0,1764.0
604,262,Djibouti,2017,4.1,1928.0,1845.0
605,212,Dominica,1985,1.3,1586.0,117.0
606,212,Dominica,1995,2.0,3639.0,260.0
607,212,Dominica,2005,-0.3,5245.0,370.0
608,212,Dominica,2010,1.2,6912.0,494.0
609,212,Dominica,2015,-2.6,7392.0,541.0
610,212,Dominica,2016,2.5,7825.0,575.0
611,212,Dominica,2017,-9.5,6719.0,497.0
612,214,Dominican Republic,1985,-2.1,866.0,5618.0
613,214,Dominican Republic,1995,5.5,1995.0,15747.0
614,214,Dominican Republic,2005,9.3,3844.0,35510.0
615,214,Dominican Republic,2010,8.3,5371.0,53160.0
616,214,Dominican Republic,2015,7.0,6535.0,68802.0
617,214,Dominican Republic,2016,6.6,6794.0,72343.0
618,214,Dominican Republic,2017,4.6,7052.0,75932.0
619,218,Ecuador,1985,3.9,1895.0,17141.0
620,218,Ecuador,1995,2.3,2135.0,24421.0
621,218,Ecuador,2005,5.3,3022.0,41507.0
622,218,Ecuador,2010,3.5,4657.0,69555.0
623,218,Ecuador,2015,0.1,6150.0,99290.0
624,218,Ecuador,2016,-1.6,6019.0,98614.0
625,218,Ecuador,2017,3.0,6273.0,104296.0
626,818,Egypt,1985,6.8,474.0,23801.0
627,818,Egypt,1995,4.6,1032.0,65758.0
628,818,Egypt,2005,4.5,1230.0,94456.0
629,818,Egypt,2010,5.1,2552.0,214630.0
630,818,Egypt,2015,4.4,3388.0,317745.0
631,818,Egypt,2016,4.3,2824.0,270255.0
632,818,Egypt,2017,4.2,2000.0,195136.0
633,222,El Salvador,1985,2.0,1053.0,5183.0
634,222,El Salvador,1995,6.4,1590.0,8922.0
635,222,El Salvador,2005,3.6,2438.0,14698.0
636,222,El Salvador,2010,1.4,2993.0,18448.0
637,222,El Salvador,2015,2.4,3670.0,23166.0
638,222,El Salvador,2016,2.6,3769.0,23912.0
639,222,El Salvador,2017,2.3,3889.0,24805.0
640,226,Equatorial Guinea,1985,12.9,246.0,88.0
641,226,Equatorial Guinea,1995,11.7,427.0,215.0
642,226,Equatorial Guinea,2005,8.9,11250.0,8520.0
643,226,Equatorial Guinea,2010,-8.9,17136.0,16299.0
644,226,Equatorial Guinea,2015,-9.1,11209.0,13176.0
645,226,Equatorial Guinea,2016,-8.6,9213.0,11253.0
646,226,Equatorial Guinea,2017,-3.2,9850.0,12487.0
647,232,Eritrea,1995,20.9,207.0,640.0
648,232,Eritrea,2005,1.5,277.0,1098.0
649,232,Eritrea,2010,2.2,482.0,2117.0
650,232,Eritrea,2015,2.6,916.0,4442.0
651,232,Eritrea,2016,1.9,1010.0,5005.0
652,232,Eritrea,2017,5.0,1147.0,5813.0
653,233,Estonia,1995,4.3,3086.0,4423.0
654,233,Estonia,2005,9.6,10330.0,14003.0
655,233,Estonia,2010,2.3,14640.0,19503.0
656,233,Estonia,2015,1.7,17157.0,22567.0
657,233,Estonia,2016,2.1,17782.0,23338.0
658,233,Estonia,2017,4.9,19793.0,25921.0
659,748,Eswatini,1985,1.9,764.0,539.0
660,748,Eswatini,1995,4.8,1979.0,1902.0
661,748,Eswatini,2005,6.0,2874.0,3178.0
662,748,Eswatini,2010,3.8,3690.0,4439.0
663,748,Eswatini,2015,0.4,3048.0,4020.0
664,748,Eswatini,2016,1.4,2770.0,3721.0
665,748,Eswatini,2017,2.0,3224.0,4409.0
666,231,Ethiopia,1995,6.1,132.0,7587.0
667,231,Ethiopia,2005,11.8,159.0,12164.0
668,231,Ethiopia,2010,12.6,300.0,26311.0
669,231,Ethiopia,2015,10.4,632.0,63079.0
670,231,Ethiopia,2016,7.6,687.0,70314.0
671,231,Ethiopia,2017,11.1,720.0,75605.0
672,242,Fiji,1985,-3.9,1605.0,1143.0
673,242,Fiji,1995,2.5,2570.0,1993.0
674,242,Fiji,2005,0.7,3627.0,2980.0
675,242,Fiji,2010,3.0,3652.0,3140.0
676,242,Fiji,2015,3.8,4890.0,4362.0
677,242,Fiji,2016,0.7,5090.0,4575.0
678,242,Fiji,2017,3.0,5382.0,4874.0
679,246,Finland,1985,3.5,11385.0,55914.0
680,246,Finland,1995,4.2,26215.0,134196.0
681,246,Finland,2005,2.8,38873.0,204431.0
682,246,Finland,2010,3.0,46181.0,247800.0
683,246,Finland,2015,0.1,42405.0,232465.0
684,246,Finland,2016,2.5,43439.0,239052.0
685,246,Finland,2017,2.8,45670.0,252247.0
686,250,France,1985,1.6,9737.0,553143.0
687,250,France,1995,2.1,26707.0,1600997.0
688,250,France,2005,1.7,34724.0,2196071.0
689,250,France,2010,1.9,40565.0,2642610.0
690,250,France,2015,1.1,36574.0,2438208.0
691,250,France,2016,1.2,36822.0,2465134.0
692,250,France,2017,2.2,38415.0,2582492.0
693,258,French Polynesia,1985,5.4,9795.0,1716.0
694,258,French Polynesia,1995,0.5,20542.0,4421.0
695,258,French Polynesia,2005,1.4,22374.0,5703.0
696,258,French Polynesia,2010,-2.5,22704.0,6081.0
697,258,French Polynesia,2015,1.3,18950.0,5262.0
698,258,French Polynesia,2016,1.5,19156.0,5368.0
699,258,French Polynesia,2017,2.3,19807.0,5606.0
700,266,Gabon,1985,-2.3,5589.0,4639.0
701,266,Gabon,1995,5.0,5081.0,5519.0
702,266,Gabon,2005,1.1,6827.0,9579.0
703,266,Gabon,2010,7.1,8754.0,14359.0
704,266,Gabon,2015,3.9,7446.0,14372.0
705,266,Gabon,2016,2.1,7068.0,13992.0
706,266,Gabon,2017,1.1,7221.0,14623.0
707,270,Gambia,1985,3.4,1352.0,990.0
708,270,Gambia,1995,0.9,1115.0,1189.0
709,270,Gambia,2005,-0.9,654.0,944.0
710,270,Gambia,2010,6.5,851.0,1441.0
711,270,Gambia,2015,5.9,705.0,1394.0
712,270,Gambia,2016,0.4,708.0,1442.0
713,270,Gambia,2017,4.6,709.0,1489.0
714,268,Georgia,1995,2.6,539.0,2703.0
715,268,Georgia,2005,9.6,1429.0,6411.0
716,268,Georgia,2010,6.2,2750.0,11638.0
717,268,Georgia,2015,2.9,3541.0,13993.0
718,268,Georgia,2016,2.8,3663.0,14378.0
719,268,Georgia,2017,4.8,3875.0,15159.0
720,276,Germany,1985,2.3,9390.0,729751.0
721,276,Germany,1995,1.7,31898.0,2591447.0
722,276,Germany,2005,0.7,35035.0,2861339.0
723,276,Germany,2010,4.1,42241.0,3417095.0
724,276,Germany,2015,1.7,41384.0,3381389.0
725,276,Germany,2016,2.2,42668.0,3495163.0
726,276,Germany,2017,2.2,44976.0,3693204.0
727,288,Ghana,1985,5.1,688.0,8743.0
728,288,Ghana,1995,4.0,818.0,13714.0
729,288,Ghana,2005,6.2,1057.0,22765.0
730,288,Ghana,2010,7.9,1737.0,42587.0
731,288,Ghana,2015,2.2,1783.0,49182.0
732,288,Ghana,2016,3.4,1950.0,55010.0
733,288,Ghana,2017,8.1,2046.0,58996.0
734,300,Greece,1985,2.5,4794.0,47816.0
735,300,Greece,1995,2.1,12687.0,136886.0
736,300,Greece,2005,0.6,21925.0,247777.0
737,300,Greece,2010,-5.5,26154.0,299362.0
738,300,Greece,2015,-0.4,17525.0,196591.0
739,300,Greece,2016,-0.2,17456.0,195222.0
740,300,Greece,2017,1.5,18198.0,203086.0
741,304,Greenland,1985,3.7,8482.0,451.0
742,304,Greenland,1995,3.7,23671.0,1321.0
743,304,Greenland,2005,5.0,32481.0,1850.0
744,304,Greenland,2010,1.7,44196.0,2503.0
745,304,Greenland,2015,-2.5,44329.0,2499.0
746,304,Greenland,2016,6.0,48102.0,2714.0
747,304,Greenland,2017,1.0,49398.0,2790.0
748,308,Grenada,1985,8.1,1359.0,136.0
749,308,Grenada,1995,2.1,2775.0,278.0
750,308,Grenada,2005,13.3,6755.0,695.0
751,308,Grenada,2010,-0.5,7366.0,771.0
752,308,Grenada,2015,6.4,9333.0,997.0
753,308,Grenada,2016,3.7,9892.0,1062.0
754,308,Grenada,2017,5.1,10451.0,1127.0
755,320,Guatemala,1985,-0.6,1210.0,9967.0
756,320,Guatemala,1995,5.0,1255.0,13066.0
757,320,Guatemala,2005,3.3,2078.0,27211.0
758,320,Guatemala,2010,2.9,2825.0,41338.0
759,320,Guatemala,2015,4.1,3924.0,63767.0
760,320,Guatemala,2016,3.1,4141.0,68663.0
761,320,Guatemala,2017,2.8,4471.0,75620.0
762,324,Guinea,1985,5.0,560.0,2848.0
763,324,Guinea,1995,4.7,668.0,5260.0
764,324,Guinea,2005,3.0,420.0,4063.0
765,324,Guinea,2010,4.8,635.0,6853.0
766,324,Guinea,2015,3.8,727.0,8794.0
767,324,Guinea,2016,10.5,701.0,8694.0
768,324,Guinea,2017,8.2,803.0,10208.0
769,624,Guinea-Bissau,1985,4.3,462.0,415.0
770,624,Guinea-Bissau,1995,4.0,703.0,800.0
771,624,Guinea-Bissau,2005,4.3,425.0,587.0
772,624,Guinea-Bissau,2010,4.6,546.0,849.0
773,624,Guinea-Bissau,2015,6.1,592.0,1047.0
774,624,Guinea-Bissau,2016,6.3,649.0,1178.0
775,624,Guinea-Bissau,2017,5.9,724.0,1347.0
776,328,Guyana,1985,2.4,956.0,737.0
777,328,Guyana,1995,5.0,1302.0,991.0
778,328,Guyana,2005,-2.0,1752.0,1315.0
779,328,Guyana,2010,4.1,3026.0,2259.0
780,328,Guyana,2015,3.1,4120.0,3166.0
781,328,Guyana,2016,3.4,4531.0,3504.0
782,328,Guyana,2017,2.2,4555.0,3543.0
783,332,Haiti,1985,0.6,417.0,2665.0
784,332,Haiti,1995,9.9,345.0,2696.0
785,332,Haiti,2005,1.8,448.0,4154.0
786,332,Haiti,2010,-5.5,671.0,6708.0
787,332,Haiti,2015,1.2,780.0,8355.0
788,332,Haiti,2016,1.5,700.0,7598.0
789,332,Haiti,2017,1.2,776.0,8521.0
790,340,Honduras,1985,4.2,1014.0,4342.0
791,340,Honduras,1995,4.1,828.0,4724.0
792,340,Honduras,2005,6.1,1323.0,9757.0
793,340,Honduras,2010,3.7,1933.0,15839.0
794,340,Honduras,2015,3.8,2341.0,20980.0
795,340,Honduras,2016,3.8,2375.0,21644.0
796,340,Honduras,2017,4.8,2480.0,22979.0
797,348,Hungary,1985,-0.3,2244.0,23709.0
798,348,Hungary,1995,1.5,4486.0,46432.0
799,348,Hungary,2005,4.4,11207.0,113035.0
800,348,Hungary,2010,0.7,13187.0,130923.0
801,348,Hungary,2015,3.5,12579.0,123074.0
802,348,Hungary,2016,2.3,12920.0,126008.0
803,348,Hungary,2017,4.1,14376.0,139761.0
804,352,Iceland,1985,3.3,12169.0,2940.0
805,352,Iceland,1995,0.1,26223.0,7018.0
806,352,Iceland,2005,6.3,56996.0,16813.0
807,352,Iceland,2010,-3.4,42718.0,13684.0
808,352,Iceland,2015,4.5,52519.0,17344.0
809,352,Iceland,2016,7.4,62309.0,20716.0
810,352,Iceland,2017,4.0,73060.0,24477.0
811,356,India,1985,5.5,285.0,222557.0
812,356,India,1995,7.6,378.0,362877.0
813,356,India,2005,7.9,720.0,823612.0
814,356,India,2010,8.5,1356.0,1669620.0
815,356,India,2015,8.2,1639.0,2145537.0
816,356,India,2016,7.1,1714.0,2270060.0
817,356,India,2017,6.7,1923.0,2575667.0
818,360,Indonesia,1985,2.5,617.0,102171.0
819,360,Indonesia,1995,8.2,1195.0,236456.0
820,360,Indonesia,2005,5.7,1343.0,304372.0
821,360,Indonesia,2010,6.2,3113.0,755094.0
822,360,Indonesia,2015,4.9,3335.0,860854.0
823,360,Indonesia,2016,5.0,3570.0,932256.0
824,360,Indonesia,2017,5.1,3847.0,1015539.0
825,364,Iran (Islamic Republic of),1985,1.9,1611.0,76257.0
826,364,Iran (Islamic Republic of),1995,2.4,1888.0,114364.0
827,364,Iran (Islamic Republic of),2005,3.2,3216.0,226452.0
828,364,Iran (Islamic Republic of),2010,5.8,6586.0,491099.0
829,364,Iran (Islamic Republic of),2015,-1.3,4958.0,393436.0
830,364,Iran (Islamic Republic of),2016,13.4,5299.0,425403.0
831,364,Iran (Islamic Republic of),2017,3.8,5680.0,460976.0
832,368,Iraq,1985,0.0,775.0,12074.0
833,368,Iraq,1995,-18.3,172.0,3477.0
834,368,Iraq,2005,4.4,1343.0,36268.0
835,368,Iraq,2010,5.5,3808.0,117138.0
836,368,Iraq,2015,3.8,4467.0,161316.0
837,368,Iraq,2016,9.6,4342.0,161530.0
838,368,Iraq,2017,1.0,4756.0,182024.0
839,372,Ireland,1985,3.1,5974.0,21296.0
840,372,Ireland,1995,9.6,18958.0,69225.0
841,372,Ireland,2005,6.0,50236.0,211644.0
842,372,Ireland,2010,1.8,48009.0,222134.0
843,372,Ireland,2015,25.8,61933.0,291092.0
844,372,Ireland,2016,5.0,63952.0,302243.0
845,372,Ireland,2017,7.8,69604.0,331430.0
846,376,Israel,1985,4.0,6706.0,27379.0
847,376,Israel,1995,8.7,18793.0,100239.0
848,376,Israel,2005,4.1,21568.0,142411.0
849,376,Israel,2010,5.5,31475.0,233733.0
850,376,Israel,2015,2.6,37258.0,300471.0
851,376,Israel,2016,4.0,38987.0,319378.0
852,376,Israel,2017,3.5,42452.0,353268.0
853,380,Italy,1985,2.8,7905.0,450706.0
854,380,Italy,1995,2.9,20449.0,1170824.0
855,380,Italy,2005,0.9,31503.0,1852616.0
856,380,Italy,2010,1.7,35578.0,2125058.0
857,380,Italy,2015,0.9,30792.0,1832273.0
858,380,Italy,2016,1.1,31451.0,1869117.0
859,380,Italy,2017,1.6,32747.0,1943835.0
860,388,Jamaica,1985,-4.6,1114.0,2605.0
861,388,Jamaica,1995,1.0,2592.0,6578.0
862,388,Jamaica,2005,0.9,4097.0,11244.0
863,388,Jamaica,2010,-1.5,4692.0,13219.0
864,388,Jamaica,2015,0.9,4940.0,14187.0
865,388,Jamaica,2016,1.4,4886.0,14077.0
866,388,Jamaica,2017,1.0,5130.0,14827.0
867,392,Japan,1985,5.2,11476.0,1398893.0
868,392,Japan,1995,2.7,43118.0,5449118.0
869,392,Japan,2005,1.7,37054.0,4755410.0
870,392,Japan,2010,4.2,44341.0,5700098.0
871,392,Japan,2015,1.4,34342.0,4394978.0
872,392,Japan,2016,0.9,38742.0,4949273.0
873,392,Japan,2017,1.7,38220.0,4872415.0
874,400,Jordan,1985,-2.7,1786.0,5173.0
875,400,Jordan,1995,6.2,1488.0,6802.0
876,400,Jordan,2005,8.1,2226.0,12720.0
877,400,Jordan,2010,2.7,3692.0,26520.0
878,400,Jordan,2015,2.6,4140.0,37923.0
879,400,Jordan,2016,2.1,4145.0,39197.0
880,400,Jordan,2017,2.1,4196.0,40708.0
881,398,Kazakhstan,1995,-8.2,1282.0,20563.0
882,398,Kazakhstan,2005,9.7,3676.0,57124.0
883,398,Kazakhstan,2010,7.3,9028.0,148047.0
884,398,Kazakhstan,2015,1.2,10388.0,184388.0
885,398,Kazakhstan,2016,1.1,7632.0,137278.0
886,398,Kazakhstan,2017,4.0,8756.0,159407.0
887,404,Kenya,1985,4.3,464.0,9110.0
888,404,Kenya,1995,4.4,491.0,13428.0
889,404,Kenya,2005,5.9,597.0,21506.0
890,404,Kenya,2010,8.4,967.0,40000.0
891,404,Kenya,2015,5.7,1355.0,64008.0
892,404,Kenya,2016,5.9,1463.0,70875.0
893,404,Kenya,2017,4.9,1508.0,74938.0
894,296,Kiribati,1985,-4.6,468.0,30.0
895,296,Kiribati,1995,-0.6,720.0,56.0
896,296,Kiribati,2005,5.0,1215.0,112.0
897,296,Kiribati,2010,-0.9,1521.0,156.0
898,296,Kiribati,2015,10.3,1505.0,169.0
899,296,Kiribati,2016,1.1,1587.0,182.0
900,296,Kiribati,2017,3.1,1694.0,197.0
901,412,Kosovo,1995,8.1,2351.0,5304.0
902,412,Kosovo,2005,3.9,2074.0,3680.0
903,412,Kosovo,2010,3.3,3354.0,5830.0
904,412,Kosovo,2015,4.1,3668.0,6440.0
905,412,Kosovo,2016,4.1,3811.0,6714.0
906,412,Kosovo,2017,4.2,4116.0,7228.0
907,414,Kuwait,1985,-4.3,12333.0,21446.0
908,414,Kuwait,1995,1.4,16487.0,26554.0
909,414,Kuwait,2005,10.6,35490.0,80798.0
910,414,Kuwait,2010,-2.4,38497.0,115416.0
911,414,Kuwait,2015,0.6,29114.0,114586.0
912,414,Kuwait,2016,2.9,26997.0,109407.0
913,414,Kuwait,2017,-3.5,28897.0,119534.0
914,417,Kyrgyzstan,1995,-5.4,327.0,1492.0
915,417,Kyrgyzstan,2005,-0.2,485.0,2460.0
916,417,Kyrgyzstan,2010,-0.5,884.0,4794.0
917,417,Kyrgyzstan,2015,3.9,1139.0,6678.0
918,417,Kyrgyzstan,2016,4.3,1144.0,6813.0
919,417,Kyrgyzstan,2017,4.6,1251.0,7565.0
920,418,Lao People's Dem. Rep.,1985,5.1,170.0,626.0
921,418,Lao People's Dem. Rep.,1995,7.5,382.0,1852.0
922,418,Lao People's Dem. Rep.,2005,6.8,512.0,2946.0
923,418,Lao People's Dem. Rep.,2010,8.1,1171.0,7313.0
924,418,Lao People's Dem. Rep.,2015,7.3,2159.0,14390.0
925,418,Lao People's Dem. Rep.,2016,7.0,2339.0,15806.0
926,418,Lao People's Dem. Rep.,2017,6.9,2457.0,16853.0
927,428,Latvia,1995,-1.1,2154.0,5404.0
928,428,Latvia,2005,10.7,7514.0,16922.0
929,428,Latvia,2010,-3.9,11216.0,23765.0
930,428,Latvia,2015,3.0,13536.0,26973.0
931,428,Latvia,2016,2.1,14055.0,27695.0
932,428,Latvia,2017,4.6,15625.0,30463.0
933,422,Lebanon,1985,24.3,850.0,2275.0
934,422,Lebanon,1995,6.5,3793.0,11506.0
935,422,Lebanon,2005,2.7,5390.0,21490.0
936,422,Lebanon,2010,8.0,8858.0,38420.0
937,422,Lebanon,2015,0.4,8540.0,49974.0
938,422,Lebanon,2016,1.6,8530.0,51239.0
939,422,Lebanon,2017,0.6,8778.0,53394.0
940,426,Lesotho,1985,9.4,202.0,297.0
941,426,Lesotho,1995,4.6,542.0,955.0
942,426,Lesotho,2005,2.7,800.0,1560.0
943,426,Lesotho,2010,6.1,1169.0,2386.0
944,426,Lesotho,2015,2.5,1152.0,2506.0
945,426,Lesotho,2016,2.4,1040.0,2291.0
946,426,Lesotho,2017,-1.6,1178.0,2632.0
947,430,Liberia,1985,-2.0,491.0,1076.0
948,430,Liberia,1995,-4.3,101.0,209.0
949,430,Liberia,2005,5.3,217.0,706.0
950,430,Liberia,2010,7.3,327.0,1292.0
951,430,Liberia,2015,9.3,593.0,2669.0
952,430,Liberia,2016,-0.5,598.0,2757.0
953,430,Liberia,2017,2.5,584.0,2763.0
954,434,Libya,1985,8.3,7715.0,29887.0
955,434,Libya,1995,-2.2,5717.0,28292.0
956,434,Libya,2005,10.3,7846.0,45451.0
957,434,Libya,2010,4.3,13121.0,80942.0
958,434,Libya,2015,-45.5,2833.0,17666.0
959,434,Libya,2016,-16.1,2434.0,15320.0
960,434,Libya,2017,64.0,3942.0,25127.0
961,438,Liechtenstein,1985,7.0,24995.0,681.0
962,438,Liechtenstein,1995,1.9,87414.0,2695.0
963,438,Liechtenstein,2005,4.8,116095.0,4046.0
964,438,Liechtenstein,2010,7.4,156127.0,5621.0
965,438,Liechtenstein,2015,0.0,167594.0,6269.0
966,438,Liechtenstein,2016,2.0,164994.0,6215.0
967,438,Liechtenstein,2017,0.7,166022.0,6296.0
968,440,Lithuania,1995,3.3,1848.0,6702.0
969,440,Lithuania,2005,7.7,7817.0,26141.0
970,440,Lithuania,2010,1.6,11886.0,37130.0
971,440,Lithuania,2015,2.0,14160.0,41517.0
972,440,Lithuania,2016,2.4,14776.0,42973.0
973,440,Lithuania,2017,4.1,16450.0,47544.0
974,442,Luxembourg,1985,2.8,12915.0,4738.0
975,442,Luxembourg,1995,1.4,52894.0,21588.0
976,442,Luxembourg,2005,3.2,81571.0,37346.0
977,442,Luxembourg,2010,4.9,104772.0,53212.0
978,442,Luxembourg,2015,3.9,100936.0,57204.0
979,442,Luxembourg,2016,2.4,102408.0,58961.0
980,442,Luxembourg,2017,1.5,106806.0,62316.0
981,450,Madagascar,1985,1.2,277.0,2791.0
982,450,Madagascar,1995,1.7,277.0,3726.0
983,450,Madagascar,2005,4.6,324.0,5942.0
984,450,Madagascar,2010,0.7,485.0,10250.0
985,450,Madagascar,2015,3.5,464.0,11243.0
986,450,Madagascar,2016,4.0,461.0,11487.0
987,450,Madagascar,2017,1.2,517.0,13208.0
988,454,Malawi,1985,4.7,281.0,2028.0
989,454,Malawi,1995,9.0,250.0,2474.0
990,454,Malawi,2005,3.3,280.0,3656.0
991,454,Malawi,2010,5.5,453.0,6868.0
992,454,Malawi,2015,3.3,366.0,6430.0
993,454,Malawi,2016,2.7,294.0,5310.0
994,454,Malawi,2017,5.1,340.0,6339.0
995,458,Malaysia,1985,-1.1,2000.0,31200.0
996,458,Malaysia,1995,9.8,4334.0,88833.0
997,458,Malaysia,2005,5.3,5594.0,143534.0
998,458,Malaysia,2010,7.4,9071.0,255018.0
999,458,Malaysia,2015,5.1,9655.0,296636.0
1000,458,Malaysia,2016,4.2,9515.0,296753.0
1001,458,Malaysia,2017,5.9,9951.0,314707.0
1002,462,Maldives,1985,13.0,875.0,166.0
1003,462,Maldives,1995,7.1,2229.0,566.0
1004,462,Maldives,2005,-13.1,3649.0,1163.0
1005,462,Maldives,2010,7.3,7100.0,2588.0
1006,462,Maldives,2015,2.9,9822.0,4109.0
1007,462,Maldives,2016,7.3,10319.0,4414.0
1008,462,Maldives,2017,6.9,11151.0,4866.0
1009,466,Mali,1985,8.5,161.0,1260.0
1010,466,Mali,1995,37.2,295.0,2837.0
1011,466,Mali,2005,10.4,488.0,6245.0
1012,466,Mali,2010,10.9,708.0,10679.0
1013,466,Mali,2015,7.6,750.0,13095.0
1014,466,Mali,2016,8.8,780.0,14032.0
1015,466,Mali,2017,6.9,822.0,15236.0
1016,470,Malta,1985,2.6,3311.0,1156.0
1017,470,Malta,1995,6.3,9722.0,3697.0
1018,470,Malta,2005,3.8,15716.0,6393.0
1019,470,Malta,2010,3.5,21005.0,8741.0
1020,470,Malta,2015,9.5,24703.0,10563.0
1021,470,Malta,2016,5.2,26227.0,11261.0
1022,470,Malta,2017,6.7,29137.0,12553.0
1023,584,Marshall Islands,1985,-6.3,1155.0,44.0
1024,584,Marshall Islands,1995,8.2,2379.0,121.0
1025,584,Marshall Islands,2005,2.9,2651.0,138.0
1026,584,Marshall Islands,2010,6.4,3143.0,165.0
1027,584,Marshall Islands,2015,0.6,3386.0,179.0
1028,584,Marshall Islands,2016,0.9,3665.0,194.0
1029,584,Marshall Islands,2017,2.5,3753.0,199.0
1030,478,Mauritania,1985,3.4,613.0,1085.0
1031,478,Mauritania,1995,-2.4,722.0,1681.0
1032,478,Mauritania,2005,9.0,698.0,2184.0
1033,478,Mauritania,2010,4.8,1202.0,4338.0
1034,478,Mauritania,2015,0.9,1155.0,4833.0
1035,478,Mauritania,2016,1.7,1104.0,4747.0
1036,478,Mauritania,2017,3.5,1129.0,4992.0
1037,480,Mauritius,1985,6.9,1134.0,1152.0
1038,480,Mauritius,1995,4.4,3786.0,4273.0
1039,480,Mauritius,2005,1.8,5544.0,6775.0
1040,480,Mauritius,2010,4.4,8016.0,10004.0
1041,480,Mauritius,2015,3.6,9284.0,11692.0
1042,480,Mauritius,2016,3.8,9683.0,12221.0
1043,480,Mauritius,2017,3.9,10565.0,13366.0
1044,484,Mexico,1985,2.8,2903.0,224593.0
1045,484,Mexico,1995,-6.3,3829.0,360073.0
1046,484,Mexico,2005,2.3,8089.0,877477.0
1047,484,Mexico,2010,5.1,9016.0,1057801.0
1048,484,Mexico,2015,3.3,9298.0,1170567.0
1049,484,Mexico,2016,2.9,8451.0,1077830.0
1050,484,Mexico,2017,2.1,8967.0,1158229.0
1051,583,Micronesia (Fed. States of),1985,16.6,1262.0,108.0
1052,583,Micronesia (Fed. States of),1995,4.2,2063.0,222.0
1053,583,Micronesia (Fed. States of),2005,2.1,2360.0,251.0
1054,583,Micronesia (Fed. States of),2010,2.0,2862.0,297.0
1055,583,Micronesia (Fed. States of),2015,4.9,3018.0,315.0
1056,583,Micronesia (Fed. States of),2016,-0.1,3144.0,330.0
1057,583,Micronesia (Fed. States of),2017,2.0,3188.0,336.0
1058,492,Monaco,1985,1.6,36724.0,1059.0
1059,492,Monaco,1995,2.1,100041.0,3070.0
1060,492,Monaco,2005,1.6,124374.0,4203.0
1061,492,Monaco,2010,2.2,144561.0,5362.0
1062,492,Monaco,2015,4.9,163394.0,6259.0
1063,492,Monaco,2016,3.2,168003.0,6468.0
1064,492,Monaco,2017,0.0,165421.0,6401.0
1065,496,Mongolia,1985,5.7,634.0,1218.0
1066,496,Mongolia,1995,6.3,730.0,1678.0
1067,496,Mongolia,2005,7.3,1158.0,2926.0
1068,496,Mongolia,2010,6.4,2650.0,7189.0
1069,496,Mongolia,2015,2.4,3947.0,11750.0
1070,496,Mongolia,2016,1.2,3695.0,11187.0
1071,496,Mongolia,2017,5.1,3620.0,11135.0
1072,499,Montenegro,1995,14.3,1958.0,1215.0
1073,499,Montenegro,2005,4.2,3697.0,2279.0
1074,499,Montenegro,2010,2.7,6630.0,4139.0
1075,499,Montenegro,2015,3.4,6452.0,4053.0
1076,499,Montenegro,2016,2.9,6958.0,4374.0
1077,499,Montenegro,2017,4.7,7703.0,4845.0
1078,500,Montserrat,1985,5.9,3850.0,44.0
1079,500,Montserrat,1995,-8.8,6728.0,69.0
1080,500,Montserrat,2005,3.1,10229.0,49.0
1081,500,Montserrat,2010,-2.8,11228.0,56.0
1082,500,Montserrat,2015,-1.9,11979.0,61.0
1083,500,Montserrat,2016,0.5,12197.0,63.0
1084,500,Montserrat,2017,-2.8,11582.0,60.0
1085,504,Morocco,1985,6.3,670.0,15111.0
1086,504,Morocco,1995,-6.6,1430.0,38728.0
1087,504,Morocco,2005,3.0,2049.0,62545.0
1088,504,Morocco,2010,4.0,2876.0,93217.0
1089,504,Morocco,2015,4.9,2907.0,101179.0
1090,504,Morocco,2016,3.3,2930.0,103346.0
1091,504,Morocco,2017,5.6,3070.0,109709.0
1092,508,Mozambique,1985,-8.8,624.0,8103.0
1093,508,Mozambique,1995,2.2,163.0,2572.0
1094,508,Mozambique,2005,8.7,369.0,7724.0
1095,508,Mozambique,2010,6.7,419.0,10154.0
1096,508,Mozambique,2015,6.6,528.0,14798.0
1097,508,Mozambique,2016,3.8,378.0,10897.0
1098,508,Mozambique,2017,3.7,426.0,12652.0
1099,104,Myanmar,1985,2.9,177.0,6607.0
1100,104,Myanmar,1995,6.9,180.0,7764.0
1101,104,Myanmar,2005,13.6,246.0,11931.0
1102,104,Myanmar,2010,10.2,826.0,41445.0
1103,104,Myanmar,2015,7.0,1193.0,62543.0
1104,104,Myanmar,2016,5.9,1221.0,64560.0
1105,104,Myanmar,2017,6.8,1257.0,67102.0
1106,516,Namibia,1985,0.5,1399.0,1606.0
1107,516,Namibia,1995,3.9,2382.0,3942.0
1108,516,Namibia,2005,2.5,3504.0,7121.0
1109,516,Namibia,2010,6.0,5192.0,11282.0
1110,516,Namibia,2015,6.1,4806.0,11657.0
1111,516,Namibia,2016,0.7,4561.0,11309.0
1112,516,Namibia,2017,-0.8,5227.0,13245.0
1113,520,Nauru,1985,-2.8,4043.0,33.0
1114,520,Nauru,1995,-7.9,3496.0,35.0
1115,520,Nauru,2005,-12.1,2600.0,26.0
1116,520,Nauru,2010,20.1,6234.0,62.0
1117,520,Nauru,2015,2.8,7955.0,90.0
1118,520,Nauru,2016,10.4,9119.0,103.0
1119,520,Nauru,2017,4.0,10045.0,114.0
1120,524,Nepal,1985,6.1,164.0,2741.0
1121,524,Nepal,1995,3.5,212.0,4534.0
1122,524,Nepal,2005,3.5,322.0,8259.0
1123,524,Nepal,2010,4.8,602.0,16281.0
1124,524,Nepal,2015,3.3,726.0,20801.0
1125,524,Nepal,2016,0.4,722.0,20929.0
1126,524,Nepal,2017,7.5,849.0,24870.0
1127,528,Netherlands,1985,2.6,9911.0,143847.0
1128,528,Netherlands,1995,3.1,29240.0,452287.0
1129,528,Netherlands,2005,2.2,41857.0,685076.0
1130,528,Netherlands,2010,1.4,50744.0,846555.0
1131,528,Netherlands,2015,2.3,45179.0,765265.0
1132,528,Netherlands,2016,2.2,46124.0,783528.0
1133,528,Netherlands,2017,3.2,48754.0,830573.0
1134,530,Netherlands Antilles [former],1985,-2.1,7024.0,1190.0
1135,530,Netherlands Antilles [former],1995,1.6,14734.0,2571.0
1136,530,Netherlands Antilles [former],2005,1.1,18852.0,3053.0
1137,530,Netherlands Antilles [former],2010,-0.3,21290.0,3848.0
1138,540,New Caledonia,1985,4.5,5480.0,855.0
1139,540,New Caledonia,1995,5.9,19024.0,3628.0
1140,540,New Caledonia,2005,3.6,26801.0,6236.0
1141,540,New Caledonia,2010,6.9,37266.0,9355.0
1142,540,New Caledonia,2015,3.6,34094.0,9174.0
1143,540,New Caledonia,2016,3.0,34641.0,9446.0
1144,540,New Caledonia,2017,2.7,35815.0,9894.0
1145,554,New Zealand,1985,1.6,7376.0,24108.0
1146,554,New Zealand,1995,4.6,17184.0,63151.0
1147,554,New Zealand,2005,3.3,27741.0,114721.0
1148,554,New Zealand,2010,1.0,33543.0,146584.0
1149,554,New Zealand,2015,4.5,38402.0,177208.0
1150,554,New Zealand,2016,3.5,40305.0,187854.0
1151,554,New Zealand,2017,2.8,42935.0,202044.0
1152,558,Nicaragua,1985,-4.1,970.0,3598.0
1153,558,Nicaragua,1995,5.9,893.0,4118.0
1154,558,Nicaragua,2005,4.3,1171.0,6300.0
1155,558,Nicaragua,2010,4.4,1526.0,8759.0
1156,558,Nicaragua,2015,4.8,2073.0,12611.0
1157,558,Nicaragua,2016,4.7,2144.0,13184.0
1158,558,Nicaragua,2017,4.9,2222.0,13814.0
1159,562,Niger,1985,7.7,221.0,1531.0
1160,562,Niger,1995,3.3,188.0,1786.0
1161,562,Niger,2005,7.4,247.0,3369.0
1162,562,Niger,2010,8.4,348.0,5719.0
1163,562,Niger,2015,4.3,364.0,7249.0
1164,562,Niger,2016,4.9,368.0,7606.0
1165,562,Niger,2017,4.9,378.0,8120.0
1166,566,Nigeria,1985,11.3,2139.0,178821.0
1167,566,Nigeria,1995,2.1,454.0,49030.0
1168,566,Nigeria,2005,6.5,1299.0,180502.0
1169,566,Nigeria,2010,7.8,2327.0,369062.0
1170,566,Nigeria,2015,2.7,2730.0,494583.0
1171,566,Nigeria,2016,-1.6,2176.0,404649.0
1172,566,Nigeria,2017,0.8,1969.0,375770.0
1173,807,North Macedonia,1995,-1.1,2373.0,4707.0
1174,807,North Macedonia,2005,4.7,3038.0,6259.0
1175,807,North Macedonia,2010,3.4,4543.0,9407.0
1176,807,North Macedonia,2015,3.9,4840.0,10065.0
1177,807,North Macedonia,2016,2.8,5128.0,10672.0
1178,807,North Macedonia,2017,0.2,5415.0,11280.0
1179,578,Norway,1985,5.6,15751.0,65417.0
1180,578,Norway,1995,4.2,34813.0,152028.0
1181,578,Norway,2005,2.6,66645.0,308722.0
1182,578,Norway,2010,0.7,87831.0,429131.0
1183,578,Norway,2015,2.0,74361.0,386663.0
1184,578,Norway,2016,1.2,70668.0,371337.0
1185,578,Norway,2017,2.0,75295.0,399470.0
1186,512,Oman,1985,14.5,6861.0,10281.0
1187,512,Oman,1995,4.8,6193.0,13650.0
1188,512,Oman,2005,2.5,12377.0,31082.0
1189,512,Oman,2010,2.0,18757.0,57048.0
1190,512,Oman,2015,4.7,16411.0,68921.0
1191,512,Oman,2016,5.0,14903.0,65941.0
1192,512,Oman,2017,-0.9,15267.0,70784.0
1193,586,Pakistan,1985,7.6,421.0,38840.0
1194,586,Pakistan,1995,5.0,629.0,77266.0
1195,586,Pakistan,2005,7.7,765.0,117708.0
1196,586,Pakistan,2010,1.6,1023.0,174508.0
1197,586,Pakistan,2015,4.7,1410.0,267035.0
1198,586,Pakistan,2016,5.5,1438.0,277779.0
1199,586,Pakistan,2017,5.7,1534.0,302139.0
1200,585,Palau,1985,5.4,3006.0,41.0
1201,585,Palau,1995,10.0,6398.0,110.0
1202,585,Palau,2005,0.2,9611.0,191.0
1203,585,Palau,2010,-0.9,8932.0,183.0
1204,585,Palau,2015,10.1,13768.0,293.0
1205,585,Palau,2016,0.1,14077.0,303.0
1206,585,Palau,2017,-3.7,13417.0,292.0
1207,591,Panama,1985,5.1,2621.0,5817.0
1208,591,Panama,1995,1.8,3354.0,9188.0
1209,591,Panama,2005,7.2,4718.0,15714.0
1210,591,Panama,2010,5.8,8081.0,29440.0
1211,591,Panama,2015,5.6,13684.0,54316.0
1212,591,Panama,2016,5.0,14333.0,57821.0
1213,591,Panama,2017,5.4,15088.0,61838.0
1214,598,Papua New Guinea,1985,3.6,970.0,3682.0
1215,598,Papua New Guinea,1995,-3.3,1486.0,7274.0
1216,598,Papua New Guinea,2005,3.9,1158.0,7312.0
1217,598,Papua New Guinea,2010,10.1,2005.0,14251.0
1218,598,Papua New Guinea,2015,6.9,2899.0,22962.0
1219,598,Papua New Guinea,2016,-0.7,2657.0,21480.0
1220,598,Papua New Guinea,2017,-1.5,2667.0,22006.0
1221,600,Paraguay,1985,4.0,1094.0,4017.0
1222,600,Paraguay,1995,5.4,1694.0,8066.0
1223,600,Paraguay,2005,2.1,1507.0,8735.0
1224,600,Paraguay,2010,13.1,3228.0,20048.0
1225,600,Paraguay,2015,3.0,4109.0,27283.0
1226,600,Paraguay,2016,4.0,4078.0,27424.0
1227,600,Paraguay,2017,4.3,4322.0,29435.0
1228,604,Peru,1985,2.1,743.0,14529.0
1229,604,Peru,1995,7.4,2220.0,53371.0
1230,604,Peru,2005,6.3,2755.0,76080.0
1231,604,Peru,2010,8.3,5022.0,147528.0
1232,604,Peru,2015,3.3,6053.0,189924.0
1233,604,Peru,2016,4.0,6031.0,191642.0
1234,604,Peru,2017,2.5,6572.0,211403.0
1235,608,Philippines,1985,-7.3,627.0,34052.0
1236,608,Philippines,1995,4.7,1176.0,82121.0
1237,608,Philippines,2005,4.8,1195.0,103072.0
1238,608,Philippines,2010,7.6,2130.0,199591.0
1239,608,Philippines,2015,6.1,2878.0,292774.0
1240,608,Philippines,2016,6.9,2951.0,304889.0
1241,608,Philippines,2017,6.7,2989.0,313595.0
1242,616,Poland,1985,3.6,1975.0,73333.0
1243,616,Poland,1995,7.0,3696.0,142138.0
1244,616,Poland,2005,3.5,7980.0,306127.0
1245,616,Poland,2010,3.6,12507.0,479321.0
1246,616,Poland,2015,3.8,12481.0,477577.0
1247,616,Poland,2016,3.1,12349.0,472030.0
1248,616,Poland,2017,4.8,13786.0,526212.0
1249,620,Portugal,1985,2.8,2716.0,27118.0
1250,620,Portugal,1995,4.3,11639.0,118132.0
1251,620,Portugal,2005,0.8,18674.0,197300.0
1252,620,Portugal,2010,1.9,22371.0,238303.0
1253,620,Portugal,2015,1.8,19141.0,199420.0
1254,620,Portugal,2016,-2.7,18160.0,188344.0
1255,620,Portugal,2017,0.9,18882.0,195041.0
1256,630,Puerto Rico,1985,2.1,6106.0,20574.0
1257,630,Puerto Rico,1995,4.5,11721.0,43246.0
1258,630,Puerto Rico,2005,-2.0,22286.0,83915.0
1259,630,Puerto Rico,2010,-0.4,26470.0,98381.0
1260,630,Puerto Rico,2015,-1.0,28139.0,103376.0
1261,630,Puerto Rico,2016,-1.3,28343.0,103961.0
1262,630,Puerto Rico,2017,-2.4,28451.0,104219.0
1263,634,Qatar,1985,-2.1,16582.0,6153.0
1264,634,Qatar,1995,2.4,15849.0,8138.0
1265,634,Qatar,2005,7.5,51489.0,44530.0
1266,634,Qatar,2010,16.7,70306.0,125122.0
1267,634,Qatar,2015,3.6,66347.0,164641.0
1268,634,Qatar,2016,2.2,59324.0,152452.0
1269,634,Qatar,2017,1.6,63506.0,167605.0
1270,410,Republic of Korea,1985,7.7,2457.0,100273.0
1271,410,Republic of Korea,1995,9.6,12277.0,556129.0
1272,410,Republic of Korea,2005,3.9,18439.0,898137.0
1273,410,Republic of Korea,2010,6.5,22088.0,1094499.0
1274,410,Republic of Korea,2015,2.8,27331.0,1382764.0
1275,410,Republic of Korea,2016,2.9,27855.0,1414804.0
1276,410,Republic of Korea,2017,3.1,30025.0,1530751.0
1277,498,Republic of Moldova,1995,-1.4,407.0,1767.0
1278,498,Republic of Moldova,2005,7.5,719.0,2988.0
1279,498,Republic of Moldova,2010,7.1,1423.0,5812.0
1280,498,Republic of Moldova,2015,-0.4,1602.0,6513.0
1281,498,Republic of Moldova,2016,4.5,1674.0,6796.0
1282,498,Republic of Moldova,2017,4.5,2006.0,8128.0
1283,642,Romania,1985,-0.1,2196.0,50742.0
1284,642,Romania,1995,7.1,1640.0,37657.0
1285,642,Romania,2005,4.2,4652.0,99699.0
1286,642,Romania,2010,-2.8,8153.0,166658.0
1287,642,Romania,2015,4.0,8951.0,177913.0
1288,642,Romania,2016,4.8,9496.0,187807.0
1289,642,Romania,2017,6.9,10763.0,211804.0
1290,643,Russian Federation,1995,-4.1,2713.0,402316.0
1291,643,Russian Federation,2005,6.4,5372.0,771495.0
1292,643,Russian Federation,2010,4.5,10757.0,1539845.0
1293,643,Russian Federation,2015,-2.5,9510.0,1368402.0
1294,643,Russian Federation,2016,-0.2,8924.0,1284727.0
1295,643,Russian Federation,2017,1.5,10956.0,1577524.0
1296,646,Rwanda,1985,4.4,296.0,1813.0
1297,646,Rwanda,1995,33.5,208.0,1230.0
1298,646,Rwanda,2005,9.4,287.0,2581.0
1299,646,Rwanda,2010,7.3,563.0,5772.0
1300,646,Rwanda,2015,8.9,712.0,8278.0
1301,646,Rwanda,2016,6.0,711.0,8475.0
1302,646,Rwanda,2017,6.1,748.0,9136.0
1303,659,Saint Kitts and Nevis,1985,8.6,2524.0,106.0
1304,659,Saint Kitts and Nevis,1995,5.8,6987.0,300.0
1305,659,Saint Kitts and Nevis,2005,8.8,11178.0,543.0
1306,659,Saint Kitts and Nevis,2010,-2.2,13708.0,705.0
1307,659,Saint Kitts and Nevis,2015,4.0,15937.0,865.0
1308,659,Saint Kitts and Nevis,2016,2.2,16413.0,900.0
1309,659,Saint Kitts and Nevis,2017,1.2,16818.0,931.0
1310,662,Saint Lucia,1985,7.5,1970.0,249.0
1311,662,Saint Lucia,1995,1.1,4199.0,617.0
1312,662,Saint Lucia,2005,-1.7,5714.0,935.0
1313,662,Saint Lucia,2010,0.2,8008.0,1382.0
1314,662,Saint Lucia,2015,-0.9,9156.0,1622.0
1315,662,Saint Lucia,2016,3.4,9188.0,1636.0
1316,662,Saint Lucia,2017,3.0,9607.0,1718.0
1317,670,Saint Vincent & Grenadines,1985,6.2,1277.0,133.0
1318,670,Saint Vincent & Grenadines,1995,7.5,2887.0,312.0
1319,670,Saint Vincent & Grenadines,2005,2.5,5065.0,551.0
1320,670,Saint Vincent & Grenadines,2010,-3.3,6232.0,681.0
1321,670,Saint Vincent & Grenadines,2015,1.8,6915.0,757.0
1322,670,Saint Vincent & Grenadines,2016,1.3,6994.0,767.0
1323,670,Saint Vincent & Grenadines,2017,0.7,7099.0,780.0
1324,882,Samoa,1985,3.9,532.0,85.0
1325,882,Samoa,1995,6.0,1151.0,196.0
1326,882,Samoa,2005,5.1,2414.0,434.0
1327,882,Samoa,2010,4.3,3648.0,679.0
1328,882,Samoa,2015,2.9,3995.0,774.0
1329,882,Samoa,2016,6.5,4213.0,822.0
1330,882,Samoa,2017,-0.4,4356.0,856.0
1331,674,San Marino,1985,2.8,14017.0,318.0
1332,674,San Marino,1995,9.3,39407.0,1020.0
1333,674,San Marino,2005,2.3,69338.0,2027.0
1334,674,San Marino,2010,-4.6,68767.0,2139.0
1335,674,San Marino,2015,0.5,47627.0,1570.0
1336,674,San Marino,2016,2.2,48560.0,1612.0
1337,674,San Marino,2017,1.9,50588.0,1690.0
1338,678,Sao Tome and Principe,1985,9.3,759.0,79.0
1339,678,Sao Tome and Principe,1995,2.0,780.0,99.0
1340,678,Sao Tome and Principe,2005,7.1,811.0,126.0
1341,678,Sao Tome and Principe,2010,6.7,1130.0,197.0
1342,678,Sao Tome and Principe,2015,3.9,1613.0,316.0
1343,678,Sao Tome and Principe,2016,4.2,1772.0,354.0
1344,678,Sao Tome and Principe,2017,3.9,1921.0,393.0
1345,682,Saudi Arabia,1985,-9.8,7877.0,103894.0
1346,682,Saudi Arabia,1995,0.2,7641.0,143152.0
1347,682,Saudi Arabia,2005,5.6,13740.0,328461.0
1348,682,Saudi Arabia,2010,5.0,19260.0,528207.0
1349,682,Saudi Arabia,2015,4.1,20733.0,654270.0
1350,682,Saudi Arabia,2016,1.7,19982.0,644935.0
1351,682,Saudi Arabia,2017,-0.7,20761.0,683827.0
1352,686,Senegal,1985,3.8,560.0,3632.0
1353,686,Senegal,1995,4.7,721.0,6306.0
1354,686,Senegal,2005,5.6,1001.0,11267.0
1355,686,Senegal,2010,4.2,1295.0,16725.0
1356,686,Senegal,2015,6.4,1186.0,17761.0
1357,686,Senegal,2016,6.2,1231.0,18972.0
1358,686,Senegal,2017,6.7,1333.0,21126.0
1359,688,Serbia,1995,5.7,2208.0,21823.0
1360,688,Serbia,2005,5.5,3528.0,26252.0
1361,688,Serbia,2010,0.6,5412.0,39460.0
1362,688,Serbia,2015,0.8,5237.0,37160.0
1363,688,Serbia,2016,2.8,5426.0,38300.0
1364,688,Serbia,2017,2.0,5912.0,41590.0
1365,690,Seychelles,1985,10.3,2922.0,204.0
1366,690,Seychelles,1995,-0.6,8005.0,614.0
1367,690,Seychelles,2005,9.0,10357.0,919.0
1368,690,Seychelles,2010,5.9,10612.0,970.0
1369,690,Seychelles,2015,4.9,14695.0,1377.0
1370,690,Seychelles,2016,4.5,15150.0,1428.0
1371,690,Seychelles,2017,6.3,15693.0,1487.0
1372,694,Sierra Leone,1985,2.3,362.0,1376.0
1373,694,Sierra Leone,1995,-10.0,276.0,1179.0
1374,694,Sierra Leone,2005,4.5,292.0,1650.0
1375,694,Sierra Leone,2010,5.3,399.0,2578.0
1376,694,Sierra Leone,2015,-20.5,587.0,4248.0
1377,694,Sierra Leone,2016,6.3,522.0,3863.0
1378,694,Sierra Leone,2017,3.8,495.0,3740.0
1379,702,Singapore,1985,-0.7,6858.0,18555.0
1380,702,Singapore,1995,7.0,25265.0,87892.0
1381,702,Singapore,2005,7.5,28372.0,127418.0
1382,702,Singapore,2010,15.2,46592.0,236420.0
1383,702,Singapore,2015,2.2,54937.0,304092.0
1384,702,Singapore,2016,2.4,55092.0,309753.0
1385,702,Singapore,2017,3.6,56737.0,323901.0
1386,534,Sint Maarten (Dutch part),2010,1.1,27065.0,896.0
1387,534,Sint Maarten (Dutch part),2015,0.5,27521.0,1066.0
1388,534,Sint Maarten (Dutch part),2016,0.4,27116.0,1072.0
1389,703,Slovakia,1995,5.8,3713.0,19959.0
1390,703,Slovakia,2005,6.8,9069.0,48965.0
1391,703,Slovakia,2010,5.0,16561.0,89501.0
1392,703,Slovakia,2015,4.2,16136.0,87770.0
1393,703,Slovakia,2016,3.1,16503.0,89848.0
1394,703,Slovakia,2017,3.2,17552.0,95618.0
1395,705,Slovenia,1995,4.1,10683.0,21274.0
1396,705,Slovenia,2005,4.0,18206.0,36345.0
1397,705,Slovenia,2010,1.2,23477.0,48014.0
1398,705,Slovenia,2015,2.3,20774.0,43102.0
1399,705,Slovenia,2016,3.1,21484.0,44641.0
1400,705,Slovenia,2017,4.9,23296.0,48456.0
1401,90,Solomon Islands,1985,2.8,591.0,160.0
1402,90,Solomon Islands,1995,10.0,1015.0,365.0
1403,90,Solomon Islands,2005,12.8,914.0,429.0
1404,90,Solomon Islands,2010,10.6,1363.0,720.0
1405,90,Solomon Islands,2015,2.5,1803.0,1059.0
1406,90,Solomon Islands,2016,3.5,1886.0,1131.0
1407,90,Solomon Islands,2017,3.5,1982.0,1212.0
1408,706,Somalia,1985,9.5,119.0,810.0
1409,706,Somalia,2005,3.0,222.0,2316.0
1410,706,Somalia,2010,2.6,91.0,1093.0
1411,706,Somalia,2015,2.7,105.0,1455.0
1412,706,Somalia,2016,2.4,100.0,1435.0
1413,706,Somalia,2017,1.8,104.0,1535.0
1414,710,South Africa,1985,-1.2,1768.0,59648.0
1415,710,South Africa,1995,3.1,3741.0,157434.0
1416,710,South Africa,2005,5.3,5280.0,257772.0
1417,710,South Africa,2010,3.0,7276.0,375348.0
1418,710,South Africa,2015,1.3,5743.0,317536.0
1419,710,South Africa,2016,0.6,5280.0,295746.0
1420,710,South Africa,2017,1.3,6151.0,348872.0
1421,728,South Sudan,2010,-1.8,1510.0,15206.0
1422,728,South Sudan,2015,5.1,1128.0,13408.0
1423,728,South Sudan,2016,0.3,534.0,6534.0
1424,728,South Sudan,2017,1.3,453.0,5694.0
1425,724,Spain,1985,2.3,4643.0,180305.0
1426,724,Spain,1995,2.8,15366.0,612943.0
1427,724,Spain,2005,3.7,26276.0,1157248.0
1428,724,Spain,2010,0.0,30598.0,1431617.0
1429,724,Spain,2015,3.6,25844.0,1199084.0
1430,724,Spain,2016,3.2,26700.0,1237499.0
1431,724,Spain,2017,3.0,28354.0,1314314.0
1432,144,Sri Lanka,1985,5.0,425.0,6873.0
1433,144,Sri Lanka,1995,5.5,838.0,15293.0
1434,144,Sri Lanka,2005,6.2,1431.0,27932.0
1435,144,Sri Lanka,2010,8.0,2808.0,56726.0
1436,144,Sri Lanka,2015,5.0,3891.0,80604.0
1437,144,Sri Lanka,2016,4.5,3932.0,81787.0
1438,144,Sri Lanka,2017,3.3,4184.0,87357.0
1439,275,State of Palestine,1985,-0.6,571.0,1005.0
1440,275,State of Palestine,1995,7.1,1254.0,3283.0
1441,275,State of Palestine,2005,10.8,1351.0,4832.0
1442,275,State of Palestine,2010,8.1,2192.0,8913.0
1443,275,State of Palestine,2015,3.4,2718.0,12673.0
1444,275,State of Palestine,2016,4.7,2802.0,13426.0
1445,275,State of Palestine,2017,3.1,2946.0,14498.0
1446,729,Sudan,2010,8.8,1584.0,54459.0
1447,729,Sudan,2015,3.0,2150.0,83085.0
1448,729,Sudan,2016,3.5,2317.0,91701.0
1449,729,Sudan,2017,3.2,2967.0,120266.0
1450,736,Sudan [former],1985,5.4,292.0,6624.0
1451,736,Sudan [former],1995,6.0,435.0,12847.0
1452,736,Sudan [former],2005,9.0,902.0,35183.0
1453,736,Sudan [former],2010,6.6,1567.0,69665.0
1454,740,Suriname,1985,14.0,3221.0,1196.0
1455,740,Suriname,1995,0.0,1903.0,844.0
1456,740,Suriname,2005,3.9,4395.0,2193.0
1457,740,Suriname,2010,5.2,8303.0,4368.0
1458,740,Suriname,2015,-2.6,8725.0,4826.0
1459,740,Suriname,2016,-5.1,5871.0,3278.0
1460,740,Suriname,2017,-0.7,6757.0,3807.0
1461,752,Sweden,1985,2.2,13477.0,112640.0
1462,752,Sweden,1995,4.0,29915.0,264346.0
1463,752,Sweden,2005,2.8,43092.0,389489.0
1464,752,Sweden,2010,6.0,52066.0,488909.0
1465,752,Sweden,2015,4.5,51018.0,498118.0
1466,752,Sweden,2016,2.7,52066.0,512205.0
1467,752,Sweden,2017,2.1,54043.0,535607.0
1468,756,Switzerland,1985,3.7,16692.0,107765.0
1469,756,Switzerland,1995,0.5,48817.0,342626.0
1470,756,Switzerland,2005,3.1,55153.0,408697.0
1471,756,Switzerland,2010,3.0,74538.0,583783.0
1472,756,Switzerland,2015,1.3,81713.0,679832.0
1473,756,Switzerland,2016,1.6,79767.0,670181.0
1474,756,Switzerland,2017,1.6,80101.0,678938.0
1475,760,Syrian Arab Republic,1985,6.1,944.0,10050.0
1476,760,Syrian Arab Republic,1995,7.0,944.0,13547.0
1477,760,Syrian Arab Republic,2005,6.2,1552.0,28397.0
1478,760,Syrian Arab Republic,2010,3.4,2877.0,60465.0
1479,760,Syrian Arab Republic,2015,-6.1,1019.0,19090.0
1480,760,Syrian Arab Republic,2016,-4.0,672.0,12377.0
1481,760,Syrian Arab Republic,2017,1.9,831.0,15183.0
1482,762,Tajikistan,1995,-12.4,211.0,1218.0
1483,762,Tajikistan,2005,6.7,337.0,2312.0
1484,762,Tajikistan,2010,6.5,738.0,5642.0
1485,762,Tajikistan,2015,6.0,919.0,7855.0
1486,762,Tajikistan,2016,6.9,796.0,6953.0
1487,762,Tajikistan,2017,7.1,801.0,7146.0
1488,764,Thailand,1985,4.6,775.0,40313.0
1489,764,Thailand,1995,8.1,2845.0,169279.0
1490,764,Thailand,2005,4.2,2894.0,189318.0
1491,764,Thailand,2010,7.5,5075.0,341105.0
1492,764,Thailand,2015,3.0,5846.0,401399.0
1493,764,Thailand,2016,3.3,5979.0,411755.0
1494,764,Thailand,2017,3.9,6595.0,455303.0
1495,626,Timor-Leste,1995,9.5,503.0,438.0
1496,626,Timor-Leste,2005,35.9,1767.0,1814.0
1497,626,Timor-Leste,2010,-1.2,3604.0,3999.0
1498,626,Timor-Leste,2015,20.9,2502.0,3104.0
1499,626,Timor-Leste,2016,0.8,1987.0,2521.0
1500,626,Timor-Leste,2017,-8.0,2279.0,2955.0
1501,768,Togo,1985,3.7,264.0,860.0
1502,768,Togo,1995,6.8,389.0,1663.0
1503,768,Togo,2005,-4.7,401.0,2281.0
1504,768,Togo,2010,6.1,527.0,3426.0
1505,768,Togo,2015,5.7,563.0,4178.0
1506,768,Togo,2016,5.6,589.0,4483.0
1507,768,Togo,2017,4.4,614.0,4786.0
1508,776,Tonga,1985,6.6,779.0,73.0
1509,776,Tonga,1995,4.0,2115.0,203.0
1510,776,Tonga,2005,1.6,2589.0,262.0
1511,776,Tonga,2010,3.6,3590.0,374.0
1512,776,Tonga,2015,3.7,3778.0,402.0
1513,776,Tonga,2016,3.4,3748.0,401.0
1514,776,Tonga,2017,2.7,3950.0,427.0
1515,780,Trinidad and Tobago,1985,-4.1,6282.0,7355.0
1516,780,Trinidad and Tobago,1995,4.0,4235.0,5314.0
1517,780,Trinidad and Tobago,2005,6.2,12289.0,15938.0
1518,780,Trinidad and Tobago,2010,3.3,16611.0,22062.0
1519,780,Trinidad and Tobago,2015,1.5,17942.0,24402.0
1520,780,Trinidad and Tobago,2016,-6.0,16340.0,22304.0
1521,780,Trinidad and Tobago,2017,-2.3,16145.0,22105.0
1522,788,Tunisia,1985,5.7,1261.0,9234.0
1523,788,Tunisia,1995,2.3,2172.0,19795.0
1524,788,Tunisia,2005,4.0,3194.0,32272.0
1525,788,Tunisia,2010,3.0,4140.0,44051.0
1526,788,Tunisia,2015,1.2,3828.0,43152.0
1527,788,Tunisia,2016,1.0,3666.0,41808.0
1528,788,Tunisia,2017,2.0,3475.0,40069.0
1529,792,Turkey,1985,4.2,1884.0,92554.0
1530,792,Turkey,1995,7.2,3985.0,233085.0
1531,792,Turkey,2005,9.0,7384.0,501423.0
1532,792,Turkey,2010,8.5,10672.0,771877.0
1533,792,Turkey,2015,6.1,10985.0,859794.0
1534,792,Turkey,2016,3.2,10863.0,863712.0
1535,792,Turkey,2017,7.4,10546.0,851542.0
1536,795,Turkmenistan,1995,-7.2,520.0,2190.0
1537,795,Turkmenistan,2005,13.0,2982.0,14176.0
1538,795,Turkmenistan,2010,9.2,4439.0,22583.0
1539,795,Turkmenistan,2015,6.5,6478.0,36052.0
1540,795,Turkmenistan,2016,6.2,6387.0,36169.0
1541,795,Turkmenistan,2017,6.5,6585.0,37915.0
1542,796,Turks and Caicos Islands,1985,10.7,6142.0,58.0
1543,796,Turks and Caicos Islands,1995,7.3,12425.0,191.0
1544,796,Turks and Caicos Islands,2005,14.4,21879.0,579.0
1545,796,Turks and Caicos Islands,2010,1.0,22159.0,687.0
1546,796,Turks and Caicos Islands,2015,5.9,26020.0,894.0
1547,796,Turks and Caicos Islands,2016,4.4,27231.0,950.0
1548,796,Turks and Caicos Islands,2017,4.3,28689.0,1017.0
1549,798,Tuvalu,1985,-1.8,406.0,4.0
1550,798,Tuvalu,1995,-5.0,1274.0,12.0
1551,798,Tuvalu,2005,-4.1,2162.0,22.0
1552,798,Tuvalu,2010,-3.3,2981.0,31.0
1553,798,Tuvalu,2015,9.2,3185.0,35.0
1554,798,Tuvalu,2016,5.9,3564.0,40.0
1555,798,Tuvalu,2017,5.9,3924.0,44.0
1556,800,Uganda,1985,-0.3,324.0,4743.0
1557,800,Uganda,1995,9.4,348.0,7148.0
1558,800,Uganda,2005,10.0,391.0,11158.0
1559,800,Uganda,2010,8.2,580.0,19683.0
1560,800,Uganda,2015,5.7,625.0,25098.0
1561,800,Uganda,2016,2.6,613.0,25423.0
1562,800,Uganda,2017,5.0,646.0,27699.0
1563,804,Ukraine,1995,-12.2,990.0,50379.0
1564,804,Ukraine,2005,3.1,1903.0,89239.0
1565,804,Ukraine,2010,0.3,2970.0,136012.0
1566,804,Ukraine,2015,-9.8,2038.0,91031.0
1567,804,Ukraine,2016,2.4,2101.0,93356.0
1568,804,Ukraine,2017,2.5,2536.0,112154.0
1569,784,United Arab Emirates,1985,-2.4,29571.0,41134.0
1570,784,United Arab Emirates,1995,8.2,27198.0,66603.0
1571,784,United Arab Emirates,2005,4.9,39955.0,182978.0
1572,784,United Arab Emirates,2010,1.6,35038.0,289787.0
1573,784,United Arab Emirates,2015,5.1,39122.0,358135.0
1574,784,United Arab Emirates,2016,3.0,38518.0,357045.0
1575,784,United Arab Emirates,2017,0.8,40699.0,382575.0
1576,826,United Kingdom,1985,4.2,8665.0,489256.0
1577,826,United Kingdom,1995,3.9,23042.0,1335930.0
1578,826,United Kingdom,2005,3.1,41883.0,2525013.0
1579,826,United Kingdom,2010,1.7,38746.0,2452900.0
1580,826,United Kingdom,2015,2.3,44290.0,2896421.0
1581,826,United Kingdom,2016,1.8,40421.0,2659239.0
1582,826,United Kingdom,2017,1.7,39758.0,2631228.0
1583,834,United Rep. of Tanzania,1985,4.6,534.0,11654.0
1584,834,United Rep. of Tanzania,1995,3.6,260.0,7575.0
1585,834,United Rep. of Tanzania,2005,7.4,471.0,18072.0
1586,834,United Rep. of Tanzania,2010,6.4,694.0,31105.0
1587,834,United Rep. of Tanzania,2015,7.0,870.0,45628.0
1588,834,United Rep. of Tanzania,2016,7.0,876.0,47388.0
1589,840,United States of America,1985,4.2,18017.0,4338979.0
1590,840,United States of America,1995,2.7,28758.0,7639749.0
1591,840,United States of America,2005,3.5,44173.0,13036637.0
1592,840,United States of America,2010,2.6,48574.0,14992052.0
1593,840,United States of America,2015,2.9,56948.0,18219297.0
1594,840,United States of America,2016,1.6,58064.0,18707189.0
1595,840,United States of America,2017,2.2,60055.0,19485394.0
1596,858,Uruguay,1985,1.5,1735.0,5226.0
1597,858,Uruguay,1995,-1.5,6609.0,21312.0
1598,858,Uruguay,2005,7.5,5221.0,17363.0
1599,858,Uruguay,2010,7.8,11938.0,40285.0
1600,858,Uruguay,2015,0.4,15525.0,53274.0
1601,858,Uruguay,2016,1.7,15298.0,52688.0
1602,858,Uruguay,2017,2.7,17120.0,59180.0
1603,860,Uzbekistan,1995,-0.9,589.0,13474.0
1604,860,Uzbekistan,2005,7.0,543.0,14396.0
1605,860,Uzbekistan,2010,8.5,1382.0,39526.0
1606,860,Uzbekistan,2015,7.9,2160.0,66904.0
1607,860,Uzbekistan,2016,6.2,2145.0,67446.0
1608,860,Uzbekistan,2017,5.2,1557.0,49677.0
1609,548,Vanuatu,1985,1.1,1020.0,133.0
1610,548,Vanuatu,1995,4.7,1621.0,273.0
1611,548,Vanuatu,2005,5.3,1886.0,395.0
1612,548,Vanuatu,2010,1.6,2966.0,701.0
1613,548,Vanuatu,2015,0.2,2871.0,760.0
1614,548,Vanuatu,2016,3.5,2975.0,804.0
1615,548,Vanuatu,2017,3.5,3128.0,864.0
1616,862,Venezuela (Boliv. Rep. of),1985,0.2,3425.0,59963.0
1617,862,Venezuela (Boliv. Rep. of),1995,4.0,3375.0,74889.0
1618,862,Venezuela (Boliv. Rep. of),2005,10.3,5433.0,145514.0
1619,862,Venezuela (Boliv. Rep. of),2010,-1.5,13566.0,393806.0
1620,862,Venezuela (Boliv. Rep. of),2015,-6.2,11054.0,344375.0
1621,862,Venezuela (Boliv. Rep. of),2016,-16.5,9230.0,291376.0
1622,862,Venezuela (Boliv. Rep. of),2017,-14.0,7977.0,255093.0
1623,704,Viet Nam,1985,5.6,79.0,4797.0
1624,704,Viet Nam,1995,9.5,276.0,20736.0
1625,704,Viet Nam,2005,7.5,684.0,57633.0
1626,704,Viet Nam,2010,6.4,1310.0,115932.0
1627,704,Viet Nam,2015,6.7,2065.0,193241.0
1628,704,Viet Nam,2016,6.2,2171.0,205276.0
1629,704,Viet Nam,2017,6.8,2342.0,223780.0
1630,887,Yemen,1995,16.7,387.0,5936.0
1631,887,Yemen,2005,5.1,925.0,19041.0
1632,887,Yemen,2010,3.3,1309.0,30907.0
1633,887,Yemen,2015,-30.3,990.0,26660.0
1634,887,Yemen,2016,-14.8,901.0,24841.0
1635,887,Yemen,2017,-5.9,990.0,27957.0
1636,894,Zambia,1985,0.0,399.0,2772.0
1637,894,Zambia,1995,2.9,417.0,3807.0
1638,894,Zambia,2005,7.2,691.0,8332.0
1639,894,Zambia,2010,10.3,1463.0,20265.0
1640,894,Zambia,2015,2.9,1319.0,21243.0
1641,894,Zambia,2016,3.8,1263.0,20954.0
1642,894,Zambia,2017,3.5,1513.0,25868.0
1643,836,Zanzibar,1995,0.5,235.0,186.0
1644,836,Zanzibar,2005,1.7,408.0,438.0
1645,836,Zanzibar,2010,0.8,587.0,746.0
1646,836,Zanzibar,2015,0.6,795.0,1160.0
1647,836,Zanzibar,2016,6.2,823.0,1207.0
1648,836,Zanzibar,2017,4.3,920.0,1391.0
1649,716,Zimbabwe,1985,6.9,872.0,7548.0
1650,716,Zimbabwe,1995,0.2,846.0,9576.0
1651,716,Zimbabwe,2005,-4.1,481.0,6223.0
1652,716,Zimbabwe,2010,12.6,720.0,10142.0
1653,716,Zimbabwe,2015,1.7,1033.0,16305.0
1654,716,Zimbabwe,2016,0.6,1029.0,16620.0
1655,716,Zimbabwe,2017,3.0,1091.0,18037.0
