,ID,Country,Year,per_capita,thousand_tons
0,1,"Total, all countries or areas",1975,4.1,16853532
1,1,"Total, all countries or areas",1985,4.1,19864139
2,1,"Total, all countries or areas",1995,4.0,23120435
3,1,"Total, all countries or areas",2005,4.5,29490014
4,1,"Total, all countries or areas",2010,4.8,33472376
5,1,"Total, all countries or areas",2012,5.0,35470891
6,1,"Total, all countries or areas",2013,5.0,35837591
7,1,"Total, all countries or areas",2014,5.0,36138285
8,4,Afghanistan,1975,0.1,2127
9,4,Afghanistan,1985,0.3,3509
10,4,Afghanistan,1995,0.1,1243
11,4,Afghanistan,2005,0.0,1327
12,4,Afghanistan,2010,0.3,8463
13,4,Afghanistan,2012,0.4,10755
14,4,Afghanistan,2013,0.3,10015
15,4,Afghanistan,2014,0.3,9809
16,8,Albania,1975,1.9,4595
17,8,Albania,1985,2.7,7880
18,8,Albania,1995,0.7,2087
19,8,Albania,2005,1.4,4254
20,8,Albania,2010,1.6,4598
21,8,Albania,2012,1.7,4910
22,8,Albania,2013,1.8,5064
23,8,Albania,2014,2.0,5717
24,12,Algeria,1975,2.0,32031
25,12,Algeria,1985,3.3,72786
26,12,Algeria,1995,3.4,95294
27,12,Algeria,2005,3.3,107278
28,12,Algeria,2010,3.3,119178
29,12,Algeria,2012,3.5,129988
30,12,Algeria,2013,3.5,134465
31,12,Algeria,2014,3.7,145400
32,20,Andorra,1995,6.6,425
33,20,Andorra,2005,7.4,576
34,20,Andorra,2010,6.2,517
35,20,Andorra,2012,6.2,488
36,20,Andorra,2013,6.3,477
37,20,Andorra,2014,6.4,462
38,24,Angola,1975,0.7,4415
39,24,Angola,1985,0.5,4701
40,24,Angola,1995,0.9,10975
41,24,Angola,2005,1.2,19156
42,24,Angola,2010,1.4,29057
43,24,Angola,2012,1.5,33399
44,24,Angola,2013,1.4,32618
45,24,Angola,2014,1.4,34763
46,660,Anguilla,1995,6.9,66
47,660,Anguilla,2005,9.5,128
48,660,Anguilla,2010,10.9,150
49,660,Anguilla,2012,10.0,143
50,660,Anguilla,2013,9.5,136
51,660,Anguilla,2014,9.8,143
52,28,Antigua and Barbuda,1975,10.2,708
53,28,Antigua and Barbuda,1985,3.8,249
54,28,Antigua and Barbuda,1995,4.0,275
55,28,Antigua and Barbuda,2005,5.1,429
56,28,Antigua and Barbuda,2010,6.0,524
57,28,Antigua and Barbuda,2012,5.9,524
58,28,Antigua and Barbuda,2013,5.8,524
59,28,Antigua and Barbuda,2014,5.8,532
60,32,Argentina,1975,3.6,94931
61,32,Argentina,1985,3.3,100597
62,32,Argentina,1995,3.7,127964
63,32,Argentina,2005,4.2,162111
64,32,Argentina,2010,4.5,187919
65,32,Argentina,2012,4.6,192356
66,32,Argentina,2013,4.5,189852
67,32,Argentina,2014,4.7,204025
68,51,Armenia,1995,1.1,3410
69,51,Armenia,2005,1.4,4353
70,51,Armenia,2010,1.4,4217
71,51,Armenia,2012,1.9,5695
72,51,Armenia,2013,1.8,5497
73,51,Armenia,2014,1.8,5530
74,533,Aruba,1995,20.8,1668
75,533,Aruba,2005,26.9,2721
76,533,Aruba,2010,24.7,2508
77,533,Aruba,2012,13.2,1349
78,533,Aruba,2013,8.4,862
79,533,Aruba,2014,8.4,873
80,36,Australia,1975,12.7,175884
81,36,Australia,1985,15.3,241230
82,36,Australia,1995,15.5,281860
83,36,Australia,2005,17.2,350173
84,36,Australia,2010,17.6,390862
85,36,Australia,2012,16.9,388126
86,36,Australia,2013,16.0,372267
87,36,Australia,2014,15.3,361262
88,40,Austria,1975,7.2,54393
89,40,Austria,1985,7.2,54701
90,40,Austria,1995,7.5,59783
91,40,Austria,2005,9.0,74216
92,40,Austria,2010,8.0,67502
93,40,Austria,2012,7.4,62273
94,40,Austria,2013,7.4,62486
95,40,Austria,2014,6.9,58712
96,31,Azerbaijan,1995,4.3,33333
97,31,Azerbaijan,2005,4.0,34338
98,31,Azerbaijan,2010,3.4,30678
99,31,Azerbaijan,2012,3.8,35555
100,31,Azerbaijan,2013,3.7,35643
101,31,Azerbaijan,2014,3.9,37488
102,44,Bahamas,1975,43.7,8254
103,44,Bahamas,1985,6.5,1511
104,44,Bahamas,1995,6.0,1683
105,44,Bahamas,2005,5.5,1742
106,44,Bahamas,2010,4.6,1654
107,44,Bahamas,2012,5.3,1969
108,44,Bahamas,2013,7.4,2802
109,44,Bahamas,2014,6.3,2417
110,48,Bahrain,1975,21.7,5754
111,48,Bahrain,1985,24.5,10194
112,48,Bahrain,1995,26.5,14818
113,48,Bahrain,2005,26.5,19208
114,48,Bahrain,2010,23.2,29266
115,48,Bahrain,2012,20.0,26674
116,48,Bahrain,2013,23.2,31313
117,48,Bahrain,2014,23.0,31338
118,50,Bangladesh,1975,0.1,4870
119,50,Bangladesh,1985,0.1,10235
120,50,Bangladesh,1995,0.2,22816
121,50,Bangladesh,2005,0.3,39479
122,50,Bangladesh,2010,0.4,59937
123,50,Bangladesh,2012,0.4,67506
124,50,Bangladesh,2013,0.4,69710
125,50,Bangladesh,2014,0.5,73190
126,52,Barbados,1975,2.3,568
127,52,Barbados,1985,3.3,847
128,52,Barbados,1995,3.2,829
129,52,Barbados,2005,5.0,1353
130,52,Barbados,2010,5.3,1478
131,52,Barbados,2012,5.2,1470
132,52,Barbados,2013,5.1,1448
133,52,Barbados,2014,4.5,1272
134,112,Belarus,1995,5.9,60773
135,112,Belarus,2005,6.0,59167
136,112,Belarus,2010,6.6,63043
137,112,Belarus,2012,6.7,63223
138,112,Belarus,2013,6.7,63769
139,112,Belarus,2014,6.7,63498
140,56,Belgium,1975,12.5,122100
141,56,Belgium,1985,10.6,104473
142,56,Belgium,1995,11.1,112328
143,56,Belgium,2005,10.4,108510
144,56,Belgium,2010,10.2,110824
145,56,Belgium,2012,8.6,95107
146,56,Belgium,2013,8.7,96970
147,56,Belgium,2014,8.3,93351
148,84,Belize,1975,1.3,176
149,84,Belize,1985,1.1,191
150,84,Belize,1995,1.7,378
151,84,Belize,2005,1.5,422
152,84,Belize,2010,1.7,539
153,84,Belize,2012,1.4,477
154,84,Belize,2013,1.5,513
155,84,Belize,2014,1.4,495
156,204,Benin,1975,0.1,444
157,204,Benin,1985,0.2,744
158,204,Benin,1995,0.2,1327
159,204,Benin,2005,0.3,2395
160,204,Benin,2010,0.6,5090
161,204,Benin,2012,0.6,5471
162,204,Benin,2013,0.6,5812
163,204,Benin,2014,0.6,6318
164,60,Bermuda,1975,8.5,458
165,60,Bermuda,1985,7.8,451
166,60,Bermuda,1995,8.7,532
167,60,Bermuda,2005,9.1,583
168,60,Bermuda,2010,9.5,609
169,60,Bermuda,2012,7.5,477
170,60,Bermuda,2013,7.3,458
171,60,Bermuda,2014,9.2,576
172,64,Bhutan,1975,0.0,4
173,64,Bhutan,1985,0.1,62
174,64,Bhutan,1995,0.5,249
175,64,Bhutan,2005,0.6,396
176,64,Bhutan,2010,0.7,488
177,64,Bhutan,2012,1.1,818
178,64,Bhutan,2013,1.2,920
179,64,Bhutan,2014,1.3,1001
180,68,Bolivia (Plurin. State of),1975,0.8,4059
181,68,Bolivia (Plurin. State of),1985,0.7,4125
182,68,Bolivia (Plurin. State of),1995,1.3,9850
183,68,Bolivia (Plurin. State of),2005,1.3,12185
184,68,Bolivia (Plurin. State of),2010,1.5,15203
185,68,Bolivia (Plurin. State of),2012,1.8,18793
186,68,Bolivia (Plurin. State of),2013,1.8,18918
187,68,Bolivia (Plurin. State of),2014,1.9,20411
191,70,Bosnia and Herzegovina,1995,1.0,3429
192,70,Bosnia and Herzegovina,2005,4.3,16204
193,70,Bosnia and Herzegovina,2010,5.5,21276
194,70,Bosnia and Herzegovina,2012,5.8,22259
195,70,Bosnia and Herzegovina,2013,5.7,21921
196,70,Bosnia and Herzegovina,2014,5.8,22233
197,72,Botswana,1975,0.2,187
198,72,Botswana,1985,1.0,1159
199,72,Botswana,1995,1.9,3047
200,72,Botswana,2005,2.2,4096
201,72,Botswana,2010,2.3,4686
202,72,Botswana,2012,2.0,4232
203,72,Botswana,2013,2.4,5229
204,72,Botswana,2014,3.2,7033
205,76,Brazil,1975,1.4,151165
206,76,Brazil,1985,1.3,181249
207,76,Brazil,1995,1.6,258347
208,76,Brazil,2005,1.9,347309
209,76,Brazil,2010,2.1,419754
210,76,Brazil,2012,2.3,470029
211,76,Brazil,2013,2.5,503677
212,76,Brazil,2014,2.6,529808
213,92,British Virgin Islands,1975,2.3,26
214,92,British Virgin Islands,1985,3.7,48
215,92,British Virgin Islands,1995,4.7,84
216,92,British Virgin Islands,2005,6.0,132
217,92,British Virgin Islands,2010,6.3,172
218,92,British Virgin Islands,2012,6.1,176
219,92,British Virgin Islands,2013,6.0,176
220,92,British Virgin Islands,2014,6.0,180
221,96,Brunei Darussalam,1975,45.2,7081
222,96,Brunei Darussalam,1985,11.8,2596
223,96,Brunei Darussalam,1995,16.5,4789
224,96,Brunei Darussalam,2005,13.8,5005
225,96,Brunei Darussalam,2010,20.9,8203
226,96,Brunei Darussalam,2012,23.8,9666
227,96,Brunei Darussalam,2013,19.0,7803
228,96,Brunei Darussalam,2014,21.8,9109
229,100,Bulgaria,1975,8.4,73061
230,100,Bulgaria,1985,10.0,89541
231,100,Bulgaria,1995,6.9,58005
232,100,Bulgaria,2005,6.2,47917
233,100,Bulgaria,2010,5.9,44114
234,100,Bulgaria,2012,6.1,44708
235,100,Bulgaria,2013,5.5,39600
236,100,Bulgaria,2014,5.9,42416
237,854,Burkina Faso,1975,0.0,220
238,854,Burkina Faso,1985,0.1,477
239,854,Burkina Faso,1995,0.1,627
240,854,Burkina Faso,2005,0.1,1126
241,854,Burkina Faso,2010,0.1,1962
242,854,Burkina Faso,2012,0.1,2629
243,854,Burkina Faso,2013,0.2,3058
244,854,Burkina Faso,2014,0.1,2849
245,108,Burundi,1975,0.0,77
246,108,Burundi,1985,0.0,231
247,108,Burundi,1995,0.0,238
248,108,Burundi,2005,0.0,154
249,108,Burundi,2010,0.0,213
250,108,Burundi,2012,0.0,282
251,108,Burundi,2013,0.0,290
252,108,Burundi,2014,0.0,440
253,132,Cabo Verde,1975,0.3,77
254,132,Cabo Verde,1985,0.3,84
255,132,Cabo Verde,1995,0.3,121
256,132,Cabo Verde,2005,0.9,440
257,132,Cabo Verde,2010,1.1,557
258,132,Cabo Verde,2012,1.0,506
259,132,Cabo Verde,2013,1.0,499
260,132,Cabo Verde,2014,1.0,491
261,116,Cambodia,1975,0.0,73
262,116,Cambodia,1985,0.0,418
263,116,Cambodia,1995,0.1,1551
264,116,Cambodia,2005,0.2,2776
265,116,Cambodia,2010,0.4,5013
266,116,Cambodia,2012,0.4,5456
267,116,Cambodia,2013,0.4,5603
268,116,Cambodia,2014,0.4,6685
269,120,Cameroon,1975,0.1,1162
270,120,Cameroon,1985,0.6,6476
271,120,Cameroon,1995,0.3,4228
272,120,Cameroon,2005,0.2,3696
273,120,Cameroon,2010,0.3,6780
274,120,Cameroon,2012,0.3,6128
275,120,Cameroon,2013,0.3,6773
276,120,Cameroon,2014,0.3,7004
277,124,Canada,1975,17.2,397143
278,124,Canada,1985,16.3,422079
279,124,Canada,1995,16.0,467638
280,124,Canada,2005,17.3,557417
281,124,Canada,2010,15.7,534671
282,124,Canada,2012,14.9,517458
283,124,Canada,2013,14.7,517161
284,124,Canada,2014,15.1,537193
285,136,Cayman Islands,1975,4.3,55
286,136,Cayman Islands,1985,9.4,191
287,136,Cayman Islands,1995,11.0,363
288,136,Cayman Islands,2005,9.1,473
289,136,Cayman Islands,2010,10.1,557
290,136,Cayman Islands,2012,9.3,535
291,136,Cayman Islands,2013,9.2,535
292,136,Cayman Islands,2014,9.2,543
293,140,Central African Republic,1975,0.0,103
294,140,Central African Republic,1985,0.1,161
295,140,Central African Republic,1995,0.1,235
296,140,Central African Republic,2005,0.1,235
297,140,Central African Republic,2010,0.1,264
298,140,Central African Republic,2012,0.1,293
299,140,Central African Republic,2013,0.1,297
300,140,Central African Republic,2014,0.1,301
301,148,Chad,1975,0.0,183
302,148,Chad,1985,0.0,180
303,148,Chad,1995,0.0,110
304,148,Chad,2005,0.0,400
305,148,Chad,2010,0.0,517
306,148,Chad,2012,0.0,612
307,148,Chad,2013,0.0,700
308,148,Chad,2014,0.0,730
309,152,Chile,1975,2.2,23014
310,152,Chile,1985,1.8,21503
311,152,Chile,1995,2.9,41745
312,152,Chile,2005,3.8,61818
313,152,Chile,2010,4.3,72251
314,152,Chile,2012,4.7,80975
315,152,Chile,2013,4.7,83226
316,152,Chile,2014,4.7,82563
317,156,China,1975,1.2,1145607
318,156,China,1985,1.9,1966553
319,156,China,1995,2.8,3320285
320,156,China,2005,4.5,5896958
321,156,China,2010,6.5,8776040
322,156,China,2012,7.4,10028574
323,156,China,2013,7.5,10258007
324,156,China,2014,7.5,10291927
325,344,"China, Hong Kong SAR",1975,2.5,11019
326,344,"China, Hong Kong SAR",1985,4.3,23014
327,344,"China, Hong Kong SAR",1995,5.1,31470
328,344,"China, Hong Kong SAR",2005,6.5,43872
329,344,"China, Hong Kong SAR",2010,5.8,40678
330,344,"China, Hong Kong SAR",2012,6.1,43425
331,344,"China, Hong Kong SAR",2013,6.3,45005
332,344,"China, Hong Kong SAR",2014,6.4,46223
333,446,"China, Macao SAR",1975,1.2,297
334,446,"China, Macao SAR",1985,2.5,733
335,446,"China, Macao SAR",1995,3.1,1232
336,446,"China, Macao SAR",2005,3.8,1830
337,446,"China, Macao SAR",2010,2.6,1408
338,446,"China, Macao SAR",2012,2.3,1313
339,446,"China, Macao SAR",2013,2.1,1181
340,446,"China, Macao SAR",2014,2.2,1283
341,170,Colombia,1975,1.5,35896
342,170,Colombia,1985,1.6,48379
343,170,Colombia,1995,1.7,59614
344,170,Colombia,2005,1.4,60946
345,170,Colombia,2010,1.7,76175
346,170,Colombia,2012,1.7,79952
347,170,Colombia,2013,1.9,89625
348,170,Colombia,2014,1.8,84092
349,174,Comoros,1975,0.1,33
350,174,Comoros,1985,0.1,48
351,174,Comoros,1995,0.1,73
352,174,Comoros,2005,0.2,139
353,174,Comoros,2010,0.2,161
354,174,Comoros,2012,0.2,143
355,174,Comoros,2013,0.2,176
356,174,Comoros,2014,0.2,154
357,178,Congo,1975,0.7,1100
358,178,Congo,1985,0.6,1280
359,178,Congo,1995,0.6,1566
360,178,Congo,2005,0.3,983
361,178,Congo,2010,0.5,1980
362,178,Congo,2012,0.7,2970
363,178,Congo,2013,0.7,3088
364,178,Congo,2014,0.7,3095
365,184,Cook Islands,1975,0.8,15
366,184,Cook Islands,1985,1.2,22
367,184,Cook Islands,1995,2.2,40
368,184,Cook Islands,2005,3.2,62
369,184,Cook Islands,2010,3.5,70
370,184,Cook Islands,2012,3.4,70
371,184,Cook Islands,2013,3.4,70
372,184,Cook Islands,2014,3.4,70
373,188,Costa Rica,1975,1.0,2039
374,188,Costa Rica,1985,0.8,2266
375,188,Costa Rica,1995,1.4,4866
376,188,Costa Rica,2005,1.6,6868
377,188,Costa Rica,2010,1.7,7569
378,188,Costa Rica,2012,1.7,7767
379,188,Costa Rica,2013,1.6,7598
380,188,Costa Rica,2014,1.6,7759
389,191,Croatia,1995,3.6,16986
390,191,Croatia,2005,5.1,22592
391,191,Croatia,2010,4.7,20172
392,191,Croatia,2012,4.2,17994
393,191,Croatia,2013,4.1,17550
394,191,Croatia,2014,4.0,16843
395,192,Cuba,1975,2.9,27066
396,192,Cuba,1985,3.2,32578
397,192,Cuba,1995,2.3,25709
398,192,Cuba,2005,2.3,26006
399,192,Cuba,2010,3.4,38375
400,192,Cuba,2012,3.2,36157
401,192,Cuba,2013,3.1,34800
402,192,Cuba,2014,3.0,34837
406,196,Cyprus,1975,3.0,1980
407,196,Cyprus,1985,4.4,3102
408,196,Cyprus,1995,6.3,5383
409,196,Cyprus,2005,7.3,7503
410,196,Cyprus,2010,7.0,7708
411,196,Cyprus,2012,6.1,6920
412,196,Cyprus,2013,5.2,5948
413,196,Cyprus,2014,5.2,6062
414,203,Czechia,1995,12.0,123831
415,203,Czechia,2005,11.7,120109
416,203,Czechia,2010,10.6,111579
417,203,Czechia,2012,9.6,101030
418,203,Czechia,2013,9.4,98675
419,203,Czechia,2014,9.2,96475
420,408,Dem. People's Rep. Korea,1975,6.7,107740
421,408,Dem. People's Rep. Korea,1985,7.7,144898
422,408,Dem. People's Rep. Korea,1995,3.8,82911
423,408,Dem. People's Rep. Korea,2005,3.2,75573
424,408,Dem. People's Rep. Korea,2010,2.7,66453
425,408,Dem. People's Rep. Korea,2012,2.0,49057
426,408,Dem. People's Rep. Korea,2013,1.4,36010
427,408,Dem. People's Rep. Korea,2014,1.6,40528
428,180,Dem. Rep. of the Congo,1975,0.1,3238
429,180,Dem. Rep. of the Congo,1985,0.1,3641
430,180,Dem. Rep. of the Congo,1995,0.0,2123
431,180,Dem. Rep. of the Congo,2005,0.0,1500
432,180,Dem. Rep. of the Congo,2010,0.0,2021
433,180,Dem. Rep. of the Congo,2012,0.0,2402
434,180,Dem. Rep. of the Congo,2013,0.0,3590
435,180,Dem. Rep. of the Congo,2014,0.1,4672
436,208,Denmark,1975,11.0,55779
437,208,Denmark,1985,11.7,60073
438,208,Denmark,1995,10.9,57172
439,208,Denmark,2005,8.7,47095
440,208,Denmark,2010,8.4,46641
441,208,Denmark,2012,6.5,36428
442,208,Denmark,2013,6.9,38533
443,208,Denmark,2014,5.9,33498
444,262,Djibouti,1975,0.9,198
445,262,Djibouti,1985,0.9,359
446,262,Djibouti,1995,0.5,304
447,262,Djibouti,2005,0.5,414
448,262,Djibouti,2010,0.6,517
449,262,Djibouti,2012,0.6,517
450,262,Djibouti,2013,0.7,609
451,262,Djibouti,2014,0.8,722
452,212,Dominica,1975,0.4,29
453,212,Dominica,1985,0.7,48
454,212,Dominica,1995,1.1,81
455,212,Dominica,2005,1.7,117
456,212,Dominica,2010,1.9,139
457,212,Dominica,2012,1.9,136
458,212,Dominica,2013,1.8,132
459,212,Dominica,2014,1.9,136
460,214,Dominican Republic,1975,1.2,6340
461,214,Dominican Republic,1985,1.1,7294
462,214,Dominican Republic,1995,2.0,15885
463,214,Dominican Republic,2005,2.0,18639
464,214,Dominican Republic,2010,2.1,21023
465,214,Dominican Republic,2012,2.2,22123
466,214,Dominican Republic,2013,2.1,21441
467,214,Dominican Republic,2014,2.1,21540
468,218,Ecuador,1975,1.1,7363
469,218,Ecuador,1985,2.1,19431
470,218,Ecuador,1995,2.0,22842
471,218,Ecuador,2005,2.2,30264
472,218,Ecuador,2010,2.5,36461
473,218,Ecuador,2012,2.5,38140
474,218,Ecuador,2013,2.6,40997
475,218,Ecuador,2014,2.8,43920
476,818,Egypt,1975,0.8,31100
477,818,Egypt,1985,1.2,63938
478,818,Egypt,1995,1.5,95723
479,818,Egypt,2005,2.2,167208
480,818,Egypt,2010,2.5,202715
481,818,Egypt,2012,2.5,217068
482,818,Egypt,2013,2.4,213412
483,818,Egypt,2014,2.2,201894
484,222,El Salvador,1975,0.5,2109
485,222,El Salvador,1985,0.4,1988
486,222,El Salvador,1995,0.9,5027
487,222,El Salvador,2005,1.1,6454
488,222,El Salvador,2010,1.1,6458
489,222,El Salvador,2012,1.1,6663
490,222,El Salvador,2013,1.0,6230
491,222,El Salvador,2014,1.0,6285
492,226,Equatorial Guinea,1975,0.3,62
493,226,Equatorial Guinea,1985,0.2,66
494,226,Equatorial Guinea,1995,0.3,128
495,226,Equatorial Guinea,2005,7.7,4712
496,226,Equatorial Guinea,2010,6.4,4679
497,226,Equatorial Guinea,2012,6.6,5115
498,226,Equatorial Guinea,2013,6.5,5163
499,226,Equatorial Guinea,2014,6.5,5346
500,232,Eritrea,1995,0.3,935
501,232,Eritrea,2005,0.2,766
502,232,Eritrea,2010,0.1,513
503,232,Eritrea,2012,0.1,660
504,232,Eritrea,2013,0.1,667
505,232,Eritrea,2014,0.1,697
506,233,Estonia,1995,12.2,17521
507,233,Estonia,2005,12.4,16755
508,233,Estonia,2010,13.6,18108
509,233,Estonia,2012,13.3,17624
510,233,Estonia,2013,15.1,19893
511,233,Estonia,2014,14.8,19519
512,231,Ethiopia,1975,0.0,1210
513,231,Ethiopia,1985,0.0,1815
514,231,Ethiopia,1995,0.0,2563
515,231,Ethiopia,2005,0.1,5119
516,231,Ethiopia,2010,0.1,6586
517,231,Ethiopia,2012,0.1,8562
518,231,Ethiopia,2013,0.1,10634
519,231,Ethiopia,2014,0.1,11599
536,242,Fiji,1975,1.1,623
537,242,Fiji,1985,0.8,579
538,242,Fiji,1995,1.0,763
539,242,Fiji,2005,1.3,1096
540,242,Fiji,2010,1.4,1221
541,242,Fiji,2012,1.2,1060
542,242,Fiji,2013,1.3,1151
543,242,Fiji,2014,1.3,1170
544,246,Finland,1975,9.8,46102
545,246,Finland,1985,10.1,49666
546,246,Finland,1995,10.3,52713
547,246,Finland,2005,10.4,54646
548,246,Finland,2010,11.6,62082
549,246,Finland,2012,9.1,49134
550,246,Finland,2013,8.7,47220
551,246,Finland,2014,8.6,47301
552,250,France,1975,8.5,446919
553,250,France,1985,7.3,400880
554,250,France,1995,6.1,349161
555,250,France,2005,6.3,385369
556,250,France,2010,5.6,353033
557,250,France,2012,5.2,333228
558,250,France,2013,5.2,334097
559,250,France,2014,4.7,303276
568,258,French Polynesia,1975,1.7,213
569,258,French Polynesia,1985,3.4,587
570,258,French Polynesia,1995,2.0,429
571,258,French Polynesia,2005,3.2,821
572,258,French Polynesia,2010,3.2,858
573,258,French Polynesia,2012,3.0,814
574,258,French Polynesia,2013,3.0,821
575,258,French Polynesia,2014,2.9,803
576,266,Gabon,1975,9.0,5368
577,266,Gabon,1985,8.0,6318
578,266,Gabon,1995,4.3,4624
579,266,Gabon,2005,3.6,4888
580,266,Gabon,2010,3.1,4811
581,266,Gabon,2012,3.2,5104
582,266,Gabon,2013,3.2,5280
583,266,Gabon,2014,3.1,5192
584,270,Gambia,1975,0.2,99
585,270,Gambia,1985,0.2,172
586,270,Gambia,1995,0.2,198
587,270,Gambia,2005,0.2,293
588,270,Gambia,2010,0.3,433
589,270,Gambia,2012,0.3,455
590,270,Gambia,2013,0.2,433
591,270,Gambia,2014,0.3,513
592,268,Georgia,1995,0.4,2303
593,268,Georgia,2005,1.1,5068
594,268,Georgia,2010,1.5,6315
595,268,Georgia,2012,2.1,8441
596,268,Georgia,2013,1.9,7858
597,268,Georgia,2014,2.2,8988
598,276,Germany,1995,10.6,864110
599,276,Germany,2005,9.6,797180
600,276,Germany,2010,9.4,758860
601,276,Germany,2012,9.2,739861
602,276,Germany,2013,9.4,757313
603,276,Germany,2014,8.9,719883
604,288,Ghana,1975,0.3,2747
605,288,Ghana,1985,0.3,3326
606,288,Ghana,1995,0.3,5277
607,288,Ghana,2005,0.3,6993
608,288,Ghana,2010,0.4,9956
609,288,Ghana,2012,0.5,11877
610,288,Ghana,2013,0.6,14620
611,288,Ghana,2014,0.6,14466
620,300,Greece,1975,4.3,38874
621,300,Greece,1985,6.1,60601
622,300,Greece,1995,7.4,78782
623,300,Greece,2005,8.8,98675
624,300,Greece,2010,7.5,83857
625,300,Greece,2012,7.2,80043
626,300,Greece,2013,6.3,69482
627,300,Greece,2014,6.1,67319
628,304,Greenland,1975,10.2,506
629,304,Greenland,1985,9.6,510
630,304,Greenland,1995,9.1,502
631,304,Greenland,2005,10.6,609
632,304,Greenland,2010,11.7,664
633,304,Greenland,2012,10.1,568
634,304,Greenland,2013,9.8,554
635,304,Greenland,2014,9.0,506
636,308,Grenada,1975,0.5,48
637,308,Grenada,1985,0.6,62
638,308,Grenada,1995,1.5,150
639,308,Grenada,2005,2.1,216
640,308,Grenada,2010,2.5,260
641,308,Grenada,2012,2.6,271
642,308,Grenada,2013,2.9,304
643,308,Grenada,2014,2.3,242
652,320,Guatemala,1975,0.6,3524
653,320,Guatemala,1985,0.4,3524
654,320,Guatemala,1995,0.7,7165
655,320,Guatemala,2005,1.0,12570
656,320,Guatemala,2010,0.8,11665
657,320,Guatemala,2012,0.8,11973
658,320,Guatemala,2013,0.9,13634
659,320,Guatemala,2014,1.1,18328
660,324,Guinea,1975,0.2,843
661,324,Guinea,1985,0.2,994
662,324,Guinea,1995,0.2,1291
663,324,Guinea,2005,0.2,1826
664,324,Guinea,2010,0.2,2604
665,324,Guinea,2012,0.2,2582
666,324,Guinea,2013,0.2,2299
667,324,Guinea,2014,0.2,2450
668,624,Guinea-Bissau,1975,0.1,114
669,624,Guinea-Bissau,1985,0.2,172
670,624,Guinea-Bissau,1995,0.1,183
671,624,Guinea-Bissau,2005,0.1,213
672,624,Guinea-Bissau,2010,0.1,238
673,624,Guinea-Bissau,2012,0.1,253
674,624,Guinea-Bissau,2013,0.1,257
675,624,Guinea-Bissau,2014,0.1,271
676,328,Guyana,1975,2.5,1826
677,328,Guyana,1985,1.9,1419
678,328,Guyana,1995,2.0,1463
679,328,Guyana,2005,1.9,1437
680,328,Guyana,2010,2.3,1720
681,328,Guyana,2012,2.6,1995
682,328,Guyana,2013,2.5,1936
683,328,Guyana,2014,2.6,2010
684,332,Haiti,1975,0.1,484
685,332,Haiti,1985,0.1,942
686,332,Haiti,1995,0.1,902
687,332,Haiti,2005,0.2,2076
688,332,Haiti,2010,0.2,2127
689,332,Haiti,2012,0.2,2314
690,332,Haiti,2013,0.2,2406
691,332,Haiti,2014,0.3,2860
692,340,Honduras,1975,0.6,1668
693,340,Honduras,1985,0.4,1907
694,340,Honduras,1995,0.7,3880
695,340,Honduras,2005,1.1,7554
696,340,Honduras,2010,1.1,7976
697,340,Honduras,2012,1.2,8984
698,340,Honduras,2013,1.1,9065
699,340,Honduras,2014,1.2,9472
700,348,Hungary,1975,7.2,75390
701,348,Hungary,1985,8.2,86105
702,348,Hungary,1995,5.8,60370
703,348,Hungary,2005,5.8,58019
704,348,Hungary,2010,5.0,50223
705,348,Hungary,2012,4.5,44583
706,348,Hungary,2013,4.3,42141
707,348,Hungary,2014,4.3,42086
708,352,Iceland,1975,7.4,1617
709,352,Iceland,1985,6.7,1628
710,352,Iceland,1995,7.3,1947
711,352,Iceland,2005,7.5,2230
712,352,Iceland,2010,6.2,1962
713,352,Iceland,2012,5.6,1800
714,352,Iceland,2013,5.8,1900
715,352,Iceland,2014,6.1,1984
716,356,India,1975,0.4,252202
717,356,India,1985,0.6,426674
718,356,India,1995,0.8,811562
719,356,India,2005,1.1,1222563
720,356,India,2010,1.4,1719691
721,356,India,2012,1.6,2018504
722,356,India,2013,1.6,2034752
723,356,India,2014,1.7,2238377
724,360,Indonesia,1975,0.4,53964
725,360,Indonesia,1985,0.7,121246
726,360,Indonesia,1995,1.1,224941
727,360,Indonesia,2005,1.5,341992
728,360,Indonesia,2010,1.8,428760
729,360,Indonesia,2012,2.6,637079
730,360,Indonesia,2013,1.9,490227
731,360,Indonesia,2014,1.8,464176
732,364,Iran (Islamic Republic of),1975,4.3,139350
733,364,Iran (Islamic Republic of),1985,3.4,160769
734,364,Iran (Islamic Republic of),1995,4.6,272942
735,364,Iran (Islamic Republic of),2005,6.7,468808
736,364,Iran (Islamic Republic of),2010,7.7,573031
737,364,Iran (Islamic Republic of),2012,8.0,611758
738,364,Iran (Islamic Republic of),2013,8.0,619778
739,364,Iran (Islamic Republic of),2014,8.3,649481
740,368,Iraq,1975,2.8,33157
741,368,Iraq,1985,2.9,44675
742,368,Iraq,1995,3.7,74348
743,368,Iraq,2005,4.1,113523
744,368,Iraq,2010,3.6,112196
745,368,Iraq,2012,4.6,152723
746,368,Iraq,2013,4.8,165506
747,368,Iraq,2014,4.8,168444
748,372,Ireland,1975,6.9,22053
749,372,Ireland,1985,7.6,26725
750,372,Ireland,1995,9.1,32970
751,372,Ireland,2005,10.5,43538
752,372,Ireland,2010,8.7,40055
753,372,Ireland,2012,7.6,35592
754,372,Ireland,2013,7.4,34855
755,372,Ireland,2014,7.3,34066
756,376,Israel,1975,5.9,19648
757,376,Israel,1985,6.1,24870
758,376,Israel,1995,9.6,51100
759,376,Israel,2005,8.6,56952
760,376,Israel,2010,9.3,68881
761,376,Israel,2012,9.8,75529
762,376,Israel,2013,8.6,67069
763,376,Israel,2014,8.1,64602
764,380,Italy,1975,6.2,342311
765,380,Italy,1985,6.6,372134
766,380,Italy,1995,7.6,430484
767,380,Italy,2005,8.1,473384
768,380,Italy,2010,6.8,405361
769,380,Italy,2012,6.2,369469
770,380,Italy,2013,5.8,345318
771,380,Italy,2014,5.4,320411
772,388,Jamaica,1975,4.1,8188
773,388,Jamaica,1985,2.2,5046
774,388,Jamaica,1995,3.7,9179
775,388,Jamaica,2005,3.9,10499
776,388,Jamaica,2010,2.7,7297
777,388,Jamaica,2012,2.7,7462
778,388,Jamaica,2013,2.9,8093
779,388,Jamaica,2014,2.7,7422
780,392,Japan,1975,7.8,870073
781,392,Japan,1985,7.6,915397
782,392,Japan,1995,9.5,1183447
783,392,Japan,2005,9.8,1239255
784,392,Japan,2010,9.2,1171625
785,392,Japan,2012,9.7,1230168
786,392,Japan,2013,9.8,1246516
787,392,Japan,2014,9.6,1214048
788,400,Jordan,1975,1.2,2494
789,400,Jordan,1985,3.0,8540
790,400,Jordan,1995,3.1,13557
791,400,Jordan,2005,4.0,21060
792,400,Jordan,2010,3.3,21181
793,400,Jordan,2012,3.5,24444
794,400,Jordan,2013,3.4,24389
795,400,Jordan,2014,3.6,26450
796,398,Kazakhstan,1995,10.6,169166
797,398,Kazakhstan,2005,11.7,177329
798,398,Kazakhstan,2010,15.3,248549
799,398,Kazakhstan,2012,14.4,242972
800,398,Kazakhstan,2013,15.4,262847
801,398,Kazakhstan,2014,14.3,248315
802,404,Kenya,1975,0.4,4976
803,404,Kenya,1985,0.2,3770
804,404,Kenya,1995,0.3,7554
805,404,Kenya,2005,0.3,8562
806,404,Kenya,2010,0.3,12174
807,404,Kenya,2012,0.3,12515
808,404,Kenya,2013,0.3,13333
809,404,Kenya,2014,0.3,14287
810,296,Kiribati,1975,0.7,33
811,296,Kiribati,1985,0.3,22
812,296,Kiribati,1995,0.4,29
813,296,Kiribati,2005,0.7,62
814,296,Kiribati,2010,0.6,62
815,296,Kiribati,2012,0.6,62
816,296,Kiribati,2013,0.6,62
817,296,Kiribati,2014,0.6,62
818,414,Kuwait,1975,16.0,16828
819,414,Kuwait,1985,16.7,29160
820,414,Kuwait,1995,33.7,54822
821,414,Kuwait,2005,31.6,71547
822,414,Kuwait,2010,29.3,89625
823,414,Kuwait,2012,29.9,102335
824,414,Kuwait,2013,27.4,98345
825,414,Kuwait,2014,25.4,95408
826,417,Kyrgyzstan,1995,1.0,4529
827,417,Kyrgyzstan,2005,1.1,5592
828,417,Kyrgyzstan,2010,1.2,6384
829,417,Kyrgyzstan,2012,1.8,10132
830,417,Kyrgyzstan,2013,1.7,9842
831,417,Kyrgyzstan,2014,1.7,9608
832,418,Lao People's Dem. Rep.,1975,0.1,253
833,418,Lao People's Dem. Rep.,1985,0.1,202
834,418,Lao People's Dem. Rep.,1995,0.1,348
835,418,Lao People's Dem. Rep.,2005,0.3,1404
836,418,Lao People's Dem. Rep.,2010,0.3,1639
837,418,Lao People's Dem. Rep.,2012,0.3,1698
838,418,Lao People's Dem. Rep.,2013,0.3,1577
839,418,Lao People's Dem. Rep.,2014,0.3,1955
840,428,Latvia,1995,3.8,9443
841,428,Latvia,2005,3.3,7506
842,428,Latvia,2010,3.9,8075
843,428,Latvia,2012,3.5,7063
844,428,Latvia,2013,3.5,7081
845,428,Latvia,2014,3.5,6975
846,422,Lebanon,1975,2.3,6432
847,422,Lebanon,1985,2.8,8056
848,422,Lebanon,1995,3.9,13579
849,422,Lebanon,2005,4.0,16208
850,422,Lebanon,2010,4.6,20047
851,422,Lebanon,2012,4.6,22633
852,422,Lebanon,2013,4.3,22581
853,422,Lebanon,2014,4.3,24070
854,426,Lesotho,1995,1.0,1709
855,426,Lesotho,2005,1.0,2013
856,426,Lesotho,2010,1.1,2277
857,426,Lesotho,2012,1.2,2406
858,426,Lesotho,2013,1.2,2435
859,426,Lesotho,2014,1.2,2468
860,430,Liberia,1975,0.9,1485
861,430,Liberia,1985,0.3,722
862,430,Liberia,1995,0.1,326
863,430,Liberia,2005,0.2,726
864,430,Liberia,2010,0.2,792
865,430,Liberia,2012,0.3,1027
866,430,Liberia,2013,0.2,957
867,430,Liberia,2014,0.2,935
868,434,Libya,1975,4.7,11580
869,434,Libya,1985,8.2,31419
870,434,Libya,1995,9.6,46021
871,434,Libya,2005,9.0,52108
872,434,Libya,2010,9.9,61961
873,434,Libya,2012,8.4,52684
874,434,Libya,2013,9.0,56266
875,434,Libya,2014,9.1,56996
876,438,Liechtenstein,2010,1.5,55
877,438,Liechtenstein,2012,1.3,48
878,438,Liechtenstein,2013,1.4,51
879,438,Liechtenstein,2014,1.1,44
880,440,Lithuania,1995,4.5,16204
881,440,Lithuania,2005,4.1,13902
882,440,Lithuania,2010,4.3,13469
883,440,Lithuania,2012,4.6,13832
884,440,Lithuania,2013,4.3,12640
885,440,Lithuania,2014,4.4,12838
886,442,Luxembourg,1975,33.0,11844
887,442,Luxembourg,1985,25.0,9168
888,442,Luxembourg,1995,20.4,8317
889,442,Luxembourg,2005,25.3,11547
890,442,Luxembourg,2010,21.6,10968
891,442,Luxembourg,2012,20.0,10664
892,442,Luxembourg,2013,18.4,10051
893,442,Luxembourg,2014,17.3,9659
894,450,Madagascar,1975,0.2,1694
895,450,Madagascar,1985,0.1,1056
896,450,Madagascar,1995,0.1,1265
897,450,Madagascar,2005,0.1,1742
898,450,Madagascar,2010,0.1,1958
899,450,Madagascar,2012,0.1,2706
900,450,Madagascar,2013,0.1,3117
901,450,Madagascar,2014,0.1,3077
902,454,Malawi,1975,0.1,579
903,454,Malawi,1985,0.1,557
904,454,Malawi,1995,0.1,920
905,454,Malawi,2005,0.1,876
906,454,Malawi,2010,0.1,1144
907,454,Malawi,2012,0.1,1096
908,454,Malawi,2013,0.1,1225
909,454,Malawi,2014,0.1,1276
910,458,Malaysia,1975,1.6,19446
911,458,Malaysia,1985,2.3,36237
912,458,Malaysia,1995,5.8,121132
913,458,Malaysia,2005,6.7,174487
914,458,Malaysia,2010,7.8,218476
915,458,Malaysia,2012,7.6,218707
916,458,Malaysia,2013,8.0,236510
917,458,Malaysia,2014,8.1,242821
918,462,Maldives,1975,0.0,7
919,462,Maldives,1985,0.3,66
920,462,Maldives,1995,1.0,249
921,462,Maldives,2005,2.1,601
922,462,Maldives,2010,2.8,935
923,462,Maldives,2012,3.2,1111
924,462,Maldives,2013,3.1,1093
925,462,Maldives,2014,3.7,1335
926,466,Mali,1975,0.0,341
927,466,Mali,1985,0.0,407
928,466,Mali,1995,0.0,469
929,466,Mali,2005,0.1,898
930,466,Mali,2010,0.1,964
931,466,Mali,2012,0.1,994
932,466,Mali,2013,0.1,1027
933,466,Mali,2014,0.1,1412
934,470,Malta,1975,2.2,667
935,470,Malta,1985,3.4,1199
936,470,Malta,1995,5.5,2123
937,470,Malta,2005,6.6,2699
938,470,Malta,2010,6.2,2560
939,470,Malta,2012,6.5,2681
940,470,Malta,2013,5.6,2340
941,470,Malta,2014,5.6,2347
942,584,Marshall Islands,1995,1.3,66
943,584,Marshall Islands,2005,1.7,84
944,584,Marshall Islands,2010,2.0,103
945,584,Marshall Islands,2012,1.9,103
946,584,Marshall Islands,2013,2.0,103
947,584,Marshall Islands,2014,1.9,103
956,478,Mauritania,1975,0.4,510
957,478,Mauritania,1985,0.4,656
958,478,Mauritania,1995,0.5,1074
959,478,Mauritania,2005,0.5,1588
960,478,Mauritania,2010,0.6,2237
961,478,Mauritania,2012,0.7,2655
962,478,Mauritania,2013,0.7,2670
963,478,Mauritania,2014,0.7,2710
964,480,Mauritius,1975,0.7,590
965,480,Mauritius,1985,0.7,708
966,480,Mauritius,1995,1.6,1830
967,480,Mauritius,2005,2.6,3297
968,480,Mauritius,2010,3.2,3916
969,480,Mauritius,2012,3.2,3968
970,480,Mauritius,2013,3.2,4070
971,480,Mauritius,2014,3.3,4228
972,484,Mexico,1975,2.7,164472
973,484,Mexico,1985,3.8,288501
974,484,Mexico,1995,3.6,332817
975,484,Mexico,2005,4.4,466362
976,484,Mexico,2010,3.9,464308
977,484,Mexico,2012,4.1,496325
978,484,Mexico,2013,4.0,490340
979,484,Mexico,2014,3.8,480271
980,583,Micronesia (Fed. States of),1995,1.0,106
981,583,Micronesia (Fed. States of),2005,1.1,121
982,583,Micronesia (Fed. States of),2010,1.1,114
983,583,Micronesia (Fed. States of),2012,1.3,136
984,583,Micronesia (Fed. States of),2013,1.4,143
985,583,Micronesia (Fed. States of),2014,1.4,150
986,496,Mongolia,1975,2.8,4067
987,496,Mongolia,1985,4.7,9028
988,496,Mongolia,1995,3.4,7921
989,496,Mongolia,2005,3.4,8562
990,496,Mongolia,2010,5.1,13821
991,496,Mongolia,2012,9.4,26226
992,496,Mongolia,2013,13.6,38753
993,496,Mongolia,2014,7.2,20840
994,499,Montenegro,2010,4.1,2582
995,499,Montenegro,2012,3.7,2336
996,499,Montenegro,2013,3.6,2248
997,499,Montenegro,2014,3.5,2211
998,500,Montserrat,1975,1.0,11
999,500,Montserrat,1985,2.2,26
1000,500,Montserrat,1995,3.3,33
1001,500,Montserrat,2005,6.6,37
1002,500,Montserrat,2010,13.0,66
1003,500,Montserrat,2012,8.5,44
1004,500,Montserrat,2013,10.3,51
1005,500,Montserrat,2014,9.6,48
1006,504,Morocco,1975,0.7,11111
1007,504,Morocco,1985,0.8,17866
1008,504,Morocco,1995,1.1,30374
1009,504,Morocco,2005,1.5,45771
1010,504,Morocco,2010,1.7,55958
1011,504,Morocco,2012,1.9,62731
1012,504,Morocco,2013,1.7,59083
1013,504,Morocco,2014,1.7,59864
1014,508,Mozambique,1975,0.3,2886
1015,508,Mozambique,1985,0.1,1148
1016,508,Mozambique,1995,0.1,1115
1017,508,Mozambique,2005,0.1,1822
1018,508,Mozambique,2010,0.1,2736
1019,508,Mozambique,2012,0.1,3121
1020,508,Mozambique,2013,0.1,4019
1021,508,Mozambique,2014,0.3,8427
1022,104,Myanmar,1975,0.1,4587
1023,104,Myanmar,1985,0.2,6711
1024,104,Myanmar,1995,0.2,6960
1025,104,Myanmar,2005,0.3,11599
1026,104,Myanmar,2010,0.3,12515
1027,104,Myanmar,2012,0.2,11071
1028,104,Myanmar,2013,0.3,12860
1029,104,Myanmar,2014,0.4,21632
1030,516,Namibia,1995,1.0,1632
1031,516,Namibia,2005,1.1,2310
1032,516,Namibia,2010,1.4,3102
1033,516,Namibia,2012,1.5,3385
1034,516,Namibia,2013,1.1,2629
1035,516,Namibia,2014,1.6,3755
1036,520,Nauru,1975,14.8,103
1037,520,Nauru,1985,15.4,125
1038,520,Nauru,1995,10.8,106
1039,520,Nauru,2005,6.1,62
1040,520,Nauru,2010,4.3,44
1041,520,Nauru,2012,4.0,40
1042,520,Nauru,2013,4.3,44
1043,520,Nauru,2014,4.8,48
1044,524,Nepal,1975,0.0,352
1045,524,Nepal,1985,0.0,678
1046,524,Nepal,1995,0.1,2035
1047,524,Nepal,2005,0.1,3084
1048,524,Nepal,2010,0.2,5057
1049,524,Nepal,2012,0.2,5856
1050,524,Nepal,2013,0.3,6637
1051,524,Nepal,2014,0.3,8031
1052,528,Netherlands,1975,11.3,153020
1053,528,Netherlands,1985,10.2,147949
1054,528,Netherlands,1995,11.6,178634
1055,528,Netherlands,2005,11.1,181480
1056,528,Netherlands,2010,11.0,183053
1057,528,Netherlands,2012,10.2,170310
1058,528,Netherlands,2013,10.3,173255
1059,528,Netherlands,2014,9.9,167303
1060,530,Netherlands Antilles [former],1995,27.5,5225
1061,530,Netherlands Antilles [former],2005,30.8,5735
1062,530,Netherlands Antilles [former],2010,22.0,4562
1063,540,New Caledonia,1975,19.7,2530
1064,540,New Caledonia,1985,9.4,1456
1065,540,New Caledonia,1995,10.9,2076
1066,540,New Caledonia,2005,12.2,2824
1067,540,New Caledonia,2010,14.4,3542
1068,540,New Caledonia,2012,14.3,3630
1069,540,New Caledonia,2013,16.5,4243
1070,540,New Caledonia,2014,16.5,4290
1071,554,New Zealand,1975,5.9,18262
1072,554,New Zealand,1985,6.7,21804
1073,554,New Zealand,1995,7.4,27132
1074,554,New Zealand,2005,8.3,34140
1075,554,New Zealand,2010,7.3,31782
1076,554,New Zealand,2012,7.7,34151
1077,554,New Zealand,2013,7.5,33458
1078,554,New Zealand,2014,7.7,34664
1079,558,Nicaragua,1975,0.7,1929
1080,558,Nicaragua,1985,0.6,1991
1081,558,Nicaragua,1995,0.6,2780
1082,558,Nicaragua,2005,0.8,4320
1083,558,Nicaragua,2010,0.8,4536
1084,558,Nicaragua,2012,0.8,4620
1085,558,Nicaragua,2013,0.8,4551
1086,558,Nicaragua,2014,0.8,4862
1087,562,Niger,1975,0.1,334
1088,562,Niger,1985,0.1,997
1089,562,Niger,1995,0.1,810
1090,562,Niger,2005,0.1,715
1091,562,Niger,2010,0.1,1173
1092,562,Niger,2012,0.1,1867
1093,562,Niger,2013,0.1,1940
1094,562,Niger,2014,0.1,2127
1095,566,Nigeria,1975,0.7,47396
1096,566,Nigeria,1985,0.8,69893
1097,566,Nigeria,1995,0.3,35841
1098,566,Nigeria,2005,0.8,106068
1099,566,Nigeria,2010,0.6,91517
1100,566,Nigeria,2012,0.6,98503
1101,566,Nigeria,2013,0.6,98136
1102,566,Nigeria,2014,0.6,96281
1111,578,Norway,1975,7.4,29673
1112,578,Norway,1985,9.8,40715
1113,578,Norway,1995,7.7,33439
1114,578,Norway,2005,9.2,42438
1115,578,Norway,2010,12.3,60106
1116,578,Norway,2012,9.9,49890
1117,578,Norway,2013,11.4,58162
1118,578,Norway,2014,9.2,47627
1119,512,Oman,1975,8.1,7257
1120,512,Oman,1985,5.6,8661
1121,512,Oman,1995,7.1,15896
1122,512,Oman,2005,12.3,29893
1123,512,Oman,2010,16.1,47418
1124,512,Oman,2012,16.7,59160
1125,512,Oman,2013,15.7,61378
1126,512,Oman,2014,14.4,61169
1127,586,Pakistan,1975,0.3,23219
1128,586,Pakistan,1985,0.5,47176
1129,586,Pakistan,1995,0.7,84484
1130,586,Pakistan,2005,0.8,136636
1131,586,Pakistan,2010,1.0,161396
1132,586,Pakistan,2012,0.9,163497
1133,586,Pakistan,2013,0.9,164326
1134,586,Pakistan,2014,0.9,166298
1135,585,Palau,1975,4.7,194
1136,585,Palau,1985,2.3,161
1137,585,Palau,1995,13.5,235
1138,585,Palau,2005,13.1,260
1139,585,Palau,2010,12.3,253
1140,585,Palau,2012,12.1,253
1141,585,Palau,2013,12.3,257
1142,585,Palau,2014,12.4,260
1143,591,Panama,1975,2.1,3663
1144,591,Panama,1985,1.2,2629
1145,591,Panama,1995,1.1,2985
1146,591,Panama,2005,2.1,6839
1147,591,Panama,2010,2.5,9164
1148,591,Panama,2012,2.7,10114
1149,591,Panama,2013,2.8,10719
1150,591,Panama,2014,2.3,8801
1151,598,Papua New Guinea,1975,0.6,1533
1152,598,Papua New Guinea,1985,0.6,2127
1153,598,Papua New Guinea,1995,0.4,2061
1154,598,Papua New Guinea,2005,0.7,4386
1155,598,Papua New Guinea,2010,0.7,4763
1156,598,Papua New Guinea,2012,0.7,5079
1157,598,Papua New Guinea,2013,0.8,6186
1158,598,Papua New Guinea,2014,0.8,6318
1159,600,Paraguay,1975,0.3,840
1160,600,Paraguay,1985,0.4,1551
1161,600,Paraguay,1995,0.8,3964
1162,600,Paraguay,2005,0.7,3832
1163,600,Paraguay,2010,0.8,5097
1164,600,Paraguay,2012,0.8,5284
1165,600,Paraguay,2013,0.8,5434
1166,600,Paraguay,2014,0.9,5702
1167,604,Peru,1975,1.5,21965
1168,604,Peru,1985,1.0,19512
1169,604,Peru,1995,1.0,23883
1170,604,Peru,2005,1.4,37136
1171,604,Peru,2010,1.9,57594
1172,604,Peru,2012,1.8,55071
1173,604,Peru,2013,1.9,57154
1174,604,Peru,2014,2.0,61745
1175,608,Philippines,1975,0.8,32526
1176,608,Philippines,1985,0.5,28049
1177,608,Philippines,1995,0.9,60711
1178,608,Philippines,2005,0.9,74832
1179,608,Philippines,2010,0.9,84869
1180,608,Philippines,2012,1.0,91206
1181,608,Philippines,2013,1.0,98129
1182,608,Philippines,2014,1.1,105654
1183,616,Poland,1975,11.0,375559
1184,616,Poland,1985,12.0,445900
1185,616,Poland,1995,8.9,344214
1186,616,Poland,2005,7.9,302539
1187,616,Poland,2010,8.2,316264
1188,616,Poland,2012,7.8,299931
1189,616,Poland,2013,7.8,302278
1190,616,Poland,2014,7.4,285740
1191,620,Portugal,1975,2.3,21357
1192,620,Portugal,1985,2.8,27407
1193,620,Portugal,1995,5.1,51870
1194,620,Portugal,2005,6.2,65280
1195,620,Portugal,2010,4.5,48137
1196,620,Portugal,2012,4.4,46014
1197,620,Portugal,2013,4.3,45427
1198,620,Portugal,2014,4.3,45053
1199,634,Qatar,1975,67.3,10957
1200,634,Qatar,1985,33.7,12405
1201,634,Qatar,1995,63.4,31789
1202,634,Qatar,2005,62.1,50957
1203,634,Qatar,2010,41.1,72508
1204,634,Qatar,2012,46.7,94125
1205,634,Qatar,2013,40.4,85023
1206,634,Qatar,2014,49.7,107854
1207,410,Republic of Korea,1975,2.3,81829
1208,410,Republic of Korea,1985,4.4,178334
1209,410,Republic of Korea,1995,8.4,374771
1210,410,Republic of Korea,2005,9.8,462922
1211,410,Republic of Korea,2010,11.6,566717
1212,410,Republic of Korea,2012,11.8,583966
1213,410,Republic of Korea,2013,11.9,592499
1214,410,Republic of Korea,2014,11.7,587156
1215,498,Republic of Moldova,1995,2.6,11192
1216,498,Republic of Moldova,2005,1.3,4895
1217,498,Republic of Moldova,2010,1.2,4932
1218,498,Republic of Moldova,2012,1.2,4925
1219,498,Republic of Moldova,2013,1.2,4998
1220,498,Republic of Moldova,2014,1.2,4932
1229,642,Romania,1975,7.6,162257
1230,642,Romania,1985,8.5,194344
1231,642,Romania,1995,5.6,126049
1232,642,Romania,2005,4.4,96457
1233,642,Romania,2010,3.9,79413
1234,642,Romania,2012,4.1,81723
1235,642,Romania,2013,3.6,70945
1236,642,Romania,2014,3.6,70003
1237,643,Russian Federation,1995,11.0,1631474
1238,643,Russian Federation,2005,11.2,1615090
1239,643,Russian Federation,2010,11.7,1670531
1240,643,Russian Federation,2012,12.8,1830830
1241,643,Russian Federation,2013,12.4,1778561
1242,643,Russian Federation,2014,11.9,1705346
1243,646,Rwanda,1975,0.0,176
1244,646,Rwanda,1985,0.1,616
1245,646,Rwanda,1995,0.1,462
1246,646,Rwanda,2005,0.1,528
1247,646,Rwanda,2010,0.1,590
1248,646,Rwanda,2012,0.1,737
1249,646,Rwanda,2013,0.1,803
1250,646,Rwanda,2014,0.1,840
1258,659,Saint Kitts and Nevis,1985,1.2,51
1259,659,Saint Kitts and Nevis,1995,3.0,128
1260,659,Saint Kitts and Nevis,2005,4.0,198
1261,659,Saint Kitts and Nevis,2010,4.2,220
1262,659,Saint Kitts and Nevis,2012,4.1,220
1263,659,Saint Kitts and Nevis,2013,4.1,224
1264,659,Saint Kitts and Nevis,2014,4.2,231
1265,662,Saint Lucia,1975,0.7,77
1266,662,Saint Lucia,1985,1.0,128
1267,662,Saint Lucia,1995,2.1,312
1268,662,Saint Lucia,2005,2.2,367
1269,662,Saint Lucia,2010,2.3,403
1270,662,Saint Lucia,2012,2.2,407
1271,662,Saint Lucia,2013,2.2,407
1272,662,Saint Lucia,2014,2.2,407
1281,670,Saint Vincent & Grenadines,1975,0.4,33
1282,670,Saint Vincent & Grenadines,1985,0.6,66
1283,670,Saint Vincent & Grenadines,1995,1.2,128
1284,670,Saint Vincent & Grenadines,2005,2.0,220
1285,670,Saint Vincent & Grenadines,2010,2.0,220
1286,670,Saint Vincent & Grenadines,2012,2.3,253
1287,670,Saint Vincent & Grenadines,2013,1.9,209
1288,670,Saint Vincent & Grenadines,2014,1.9,209
1289,882,Samoa,1975,0.4,59
1290,882,Samoa,1985,0.7,114
1291,882,Samoa,1995,0.7,117
1292,882,Samoa,2005,0.9,161
1293,882,Samoa,2010,1.0,187
1294,882,Samoa,2012,1.0,198
1295,882,Samoa,2013,1.0,198
1296,882,Samoa,2014,1.0,198
1297,678,Sao Tome and Principe,1975,0.2,18
1298,678,Sao Tome and Principe,1985,0.6,55
1299,678,Sao Tome and Principe,1995,0.4,48
1300,678,Sao Tome and Principe,2005,0.5,77
1301,678,Sao Tome and Principe,2010,0.6,99
1302,678,Sao Tome and Principe,2012,0.6,114
1303,678,Sao Tome and Principe,2013,0.6,114
1304,678,Sao Tome and Principe,2014,0.6,114
1305,682,Saudi Arabia,1975,11.3,83336
1306,682,Saudi Arabia,1985,13.1,172653
1307,682,Saudi Arabia,1995,12.7,235161
1308,682,Saudi Arabia,2005,16.5,397642
1309,682,Saudi Arabia,2010,18.4,518492
1310,682,Saudi Arabia,2012,19.1,564843
1311,682,Saudi Arabia,2013,17.9,541048
1312,682,Saudi Arabia,2014,19.5,601047
1313,686,Senegal,1975,0.6,2582
1314,686,Senegal,1985,0.4,2677
1315,686,Senegal,1995,0.4,3495
1316,686,Senegal,2005,0.6,5812
1317,686,Senegal,2010,0.6,7745
1318,686,Senegal,2012,0.6,7913
1319,686,Senegal,2013,0.6,8423
1320,686,Senegal,2014,0.6,8856
1321,688,Serbia,2010,5.1,45955
1322,688,Serbia,2012,4.9,44063
1323,688,Serbia,2013,5.0,44884
1324,688,Serbia,2014,4.3,37667
1327,690,Seychelles,1975,1.0,59
1328,690,Seychelles,1985,2.2,150
1329,690,Seychelles,1995,2.7,198
1330,690,Seychelles,2005,8.3,689
1331,690,Seychelles,2010,4.8,444
1332,690,Seychelles,2012,4.7,440
1333,690,Seychelles,2013,4.2,403
1334,690,Seychelles,2014,5.2,495
1335,694,Sierra Leone,1975,0.2,524
1336,694,Sierra Leone,1985,0.2,664
1337,694,Sierra Leone,1995,0.1,400
1338,694,Sierra Leone,2005,0.1,546
1339,694,Sierra Leone,2010,0.1,726
1340,694,Sierra Leone,2012,0.2,1030
1341,694,Sierra Leone,2013,0.2,1192
1342,694,Sierra Leone,2014,0.2,1309
1343,702,Singapore,1975,10.9,24543
1344,702,Singapore,1985,12.3,33417
1345,702,Singapore,1995,12.1,42174
1346,702,Singapore,2005,7.1,30359
1347,702,Singapore,2010,11.0,55643
1348,702,Singapore,2012,6.9,36373
1349,702,Singapore,2013,10.3,55676
1350,702,Singapore,2014,10.2,56373
1351,534,Sint Maarten (Dutch part),2012,19.8,697
1352,534,Sint Maarten (Dutch part),2013,19.6,715
1353,534,Sint Maarten (Dutch part),2014,19.5,733
1354,703,Slovakia,1995,7.8,42115
1355,703,Slovakia,2005,7.3,39358
1356,703,Slovakia,2010,6.7,36241
1357,703,Slovakia,2012,6.1,32765
1358,703,Slovakia,2013,6.1,33091
1359,703,Slovakia,2014,5.6,30678
1360,705,Slovenia,1995,7.3,14404
1361,705,Slovenia,2005,7.9,15867
1362,705,Slovenia,2010,7.5,15335
1363,705,Slovenia,2012,7.2,14782
1364,705,Slovenia,2013,6.9,14151
1365,705,Slovenia,2014,6.2,12812
1366,90,Solomon Islands,1975,0.3,59
1367,90,Solomon Islands,1985,0.6,150
1368,90,Solomon Islands,1995,0.4,143
1369,90,Solomon Islands,2005,0.3,161
1370,90,Solomon Islands,2010,0.4,198
1371,90,Solomon Islands,2012,0.4,198
1372,90,Solomon Islands,2013,0.4,202
1373,90,Solomon Islands,2014,0.4,202
1374,706,Somalia,1975,0.1,502
1375,706,Somalia,1985,0.1,858
1376,706,Somalia,1995,0.1,590
1377,706,Somalia,2005,0.1,594
1378,706,Somalia,2010,0.1,612
1379,706,Somalia,2012,0.1,609
1380,706,Somalia,2013,0.1,609
1381,706,Somalia,2014,0.1,609
1382,710,South Africa,1975,7.2,185202
1383,710,South Africa,1985,9.8,324214
1384,710,South Africa,1995,8.8,362259
1385,710,South Africa,2005,8.7,416916
1386,710,South Africa,2010,9.2,474099
1387,710,South Africa,2012,8.9,468771
1388,710,South Africa,2013,8.7,466376
1389,710,South Africa,2014,9.1,489772
1390,728,South Sudan,2012,0.1,1331
1391,728,South Sudan,2013,0.1,1448
1392,728,South Sudan,2014,0.1,1496
1393,724,Spain,1975,5.1,181645
1394,724,Spain,1985,5.2,201234
1395,724,Spain,1995,6.1,241611
1396,724,Spain,2005,8.1,353462
1397,724,Spain,2010,5.8,270911
1398,724,Spain,2012,5.7,264779
1399,724,Spain,2013,5.1,237035
1400,724,Spain,2014,5.1,233977
1401,144,Sri Lanka,1975,0.2,2897
1402,144,Sri Lanka,1985,0.3,3957
1403,144,Sri Lanka,1995,0.3,5904
1404,144,Sri Lanka,2005,0.6,12101
1405,144,Sri Lanka,2010,0.7,13264
1406,144,Sri Lanka,2012,0.8,16032
1407,144,Sri Lanka,2013,0.8,15489
1408,144,Sri Lanka,2014,0.9,18394
1409,275,State of Palestine,1995,0.4,946
1410,275,State of Palestine,2005,0.8,2743
1411,275,State of Palestine,2010,0.5,2035
1412,275,State of Palestine,2012,0.5,2200
1413,275,State of Palestine,2013,0.6,2439
1414,275,State of Palestine,2014,0.6,2838
1415,729,Sudan,2012,0.4,14642
1416,729,Sudan,2013,0.4,15475
1417,729,Sudan,2014,0.4,15365
1418,736,Sudan [former],1975,0.3,4239
1419,736,Sudan [former],1985,0.2,4074
1420,736,Sudan [former],1995,0.1,4298
1421,736,Sudan [former],2005,0.3,10983
1422,736,Sudan [former],2010,0.4,15940
1423,740,Suriname,1975,5.5,2021
1424,740,Suriname,1985,4.3,1599
1425,740,Suriname,1995,4.7,2065
1426,740,Suriname,2005,3.2,1595
1427,740,Suriname,2010,4.6,2402
1428,740,Suriname,2012,4.3,2259
1429,740,Suriname,2013,3.6,1918
1430,740,Suriname,2014,3.7,1991
1439,752,Sweden,1975,9.9,80824
1440,752,Sweden,1985,7.5,62394
1441,752,Sweden,1995,6.2,55155
1442,752,Sweden,2005,5.7,51562
1443,752,Sweden,2010,5.5,52024
1444,752,Sweden,2012,4.9,47048
1445,752,Sweden,2013,4.7,44847
1446,752,Sweden,2014,4.5,43421
1447,756,Switzerland,1975,6.1,39098
1448,756,Switzerland,1985,6.1,39827
1449,756,Switzerland,1995,5.5,39226
1450,756,Switzerland,2005,5.5,41338
1451,756,Switzerland,2010,5.0,38995
1452,756,Switzerland,2012,4.7,37774
1453,756,Switzerland,2013,5.0,40227
1454,756,Switzerland,2014,4.3,35306
1455,760,Syrian Arab Republic,1975,1.5,11184
1456,760,Syrian Arab Republic,1985,2.8,29651
1457,760,Syrian Arab Republic,1995,2.9,41664
1458,760,Syrian Arab Republic,2005,2.8,50627
1459,760,Syrian Arab Republic,2010,3.0,61606
1460,760,Syrian Arab Republic,2012,2.2,44730
1461,760,Syrian Arab Republic,2013,1.9,36439
1462,760,Syrian Arab Republic,2014,1.7,30704
1463,762,Tajikistan,1995,0.4,2450
1464,762,Tajikistan,2005,0.4,2442
1465,762,Tajikistan,2010,0.3,2545
1466,762,Tajikistan,2012,0.4,2934
1467,762,Tajikistan,2013,0.4,3480
1468,762,Tajikistan,2014,0.6,5189
1469,764,Thailand,1975,0.6,24408
1470,764,Thailand,1985,0.9,48672
1471,764,Thailand,1995,2.7,161154
1472,764,Thailand,2005,3.7,247467
1473,764,Thailand,2010,4.2,281926
1474,764,Thailand,2012,4.4,296598
1475,764,Thailand,2013,4.4,300089
1476,764,Thailand,2014,4.7,316213
1483,626,Timor-Leste,2005,0.2,176
1484,626,Timor-Leste,2010,0.2,235
1485,626,Timor-Leste,2012,0.3,293
1486,626,Timor-Leste,2013,0.4,440
1487,626,Timor-Leste,2014,0.4,469
1488,768,Togo,1975,0.1,312
1489,768,Togo,1985,0.2,550
1490,768,Togo,1995,0.2,953
1491,768,Togo,2005,0.3,1338
1492,768,Togo,2010,0.4,2640
1493,768,Togo,2012,0.4,2486
1494,768,Togo,2013,0.4,2659
1495,768,Togo,2014,0.4,2622
1496,776,Tonga,1975,0.4,33
1497,776,Tonga,1985,0.5,48
1498,776,Tonga,1995,1.0,95
1499,776,Tonga,2005,1.1,114
1500,776,Tonga,2010,1.1,117
1501,776,Tonga,2012,1.0,106
1502,776,Tonga,2013,1.1,114
1503,776,Tonga,2014,1.1,121
1504,780,Trinidad and Tobago,1975,9.5,9622
1505,780,Trinidad and Tobago,1985,17.7,20755
1506,780,Trinidad and Tobago,1995,13.5,17022
1507,780,Trinidad and Tobago,2005,29.0,38151
1508,780,Trinidad and Tobago,2010,36.1,47935
1509,780,Trinidad and Tobago,2012,33.8,45419
1510,780,Trinidad and Tobago,2013,34.5,46542
1511,780,Trinidad and Tobago,2014,34.2,46274
1512,788,Tunisia,1975,1.0,5548
1513,788,Tunisia,1985,1.6,11940
1514,788,Tunisia,1995,1.8,15735
1515,788,Tunisia,2005,2.3,22662
1516,788,Tunisia,2010,2.6,27660
1517,788,Tunisia,2012,2.5,27004
1518,788,Tunisia,2013,2.5,27668
1519,788,Tunisia,2014,2.6,28830
1520,792,Turkey,1975,1.7,65698
1521,792,Turkey,1985,2.2,106717
1522,792,Turkey,1995,2.9,171975
1523,792,Turkey,2005,3.5,237391
1524,792,Turkey,2010,4.1,298002
1525,792,Turkey,2012,4.4,329561
1526,792,Turkey,2013,4.3,324772
1527,792,Turkey,2014,4.5,345981
1528,795,Turkmenistan,1995,8.1,34000
1529,795,Turkmenistan,2005,10.2,48338
1530,795,Turkmenistan,2010,11.4,57290
1531,795,Turkmenistan,2012,12.5,64873
1532,795,Turkmenistan,2013,12.7,66736
1533,795,Turkmenistan,2014,12.9,68423
1534,796,Turks and Caicos Islands,1995,3.0,48
1535,796,Turks and Caicos Islands,2005,4.0,121
1536,796,Turks and Caicos Islands,2010,6.1,191
1537,796,Turks and Caicos Islands,2012,6.2,198
1538,796,Turks and Caicos Islands,2013,6.0,198
1539,796,Turks and Caicos Islands,2014,6.1,205
1540,800,Uganda,1975,0.1,1133
1541,800,Uganda,1985,0.0,620
1542,800,Uganda,1995,0.0,939
1543,800,Uganda,2005,0.1,2171
1544,800,Uganda,2010,0.1,3920
1545,800,Uganda,2012,0.1,4070
1546,800,Uganda,2013,0.1,4870
1547,800,Uganda,2014,0.1,5229
1548,804,Ukraine,1995,8.7,445944
1549,804,Ukraine,2005,7.1,333877
1550,804,Ukraine,2010,6.7,304643
1551,804,Ukraine,2012,6.5,295791
1552,804,Ukraine,2013,6.0,271875
1553,804,Ukraine,2014,5.1,227299
1554,784,United Arab Emirates,1975,58.2,31070
1555,784,United Arab Emirates,1985,37.0,49926
1556,784,United Arab Emirates,1995,30.1,70641
1557,784,United Arab Emirates,2005,28.5,116149
1558,784,United Arab Emirates,2010,19.3,160813
1559,784,United Arab Emirates,2012,19.7,176386
1560,784,United Arab Emirates,2013,18.9,170706
1561,784,United Arab Emirates,2014,23.2,211370
1562,826,United Kingdom,1975,10.7,603643
1563,826,United Kingdom,1985,9.9,559856
1564,826,United Kingdom,1995,9.2,538118
1565,826,United Kingdom,2005,9.0,542580
1566,826,United Kingdom,2010,7.8,493208
1567,826,United Kingdom,2012,7.4,468573
1568,826,United Kingdom,2013,7.2,458250
1569,826,United Kingdom,2014,6.5,419820
1570,834,United Rep. of Tanzania,1975,0.1,2285
1571,834,United Rep. of Tanzania,1985,0.1,2358
1572,834,United Rep. of Tanzania,1995,0.1,3553
1573,834,United Rep. of Tanzania,2005,0.1,5504
1574,834,United Rep. of Tanzania,2010,0.1,7107
1575,834,United Rep. of Tanzania,2012,0.2,9545
1576,834,United Rep. of Tanzania,2013,0.2,11177
1577,834,United Rep. of Tanzania,2014,0.2,11562
1578,840,United States of America,1975,19.8,4406330
1579,840,United States of America,1985,18.4,4492555
1580,840,United States of America,1995,19.0,5132920
1581,840,United States of America,2005,19.3,5789727
1582,840,United States of America,2010,17.2,5395532
1583,840,United States of America,2012,16.1,5119436
1584,840,United States of America,2013,16.1,5159161
1585,840,United States of America,2014,16.2,5254279
1586,858,Uruguay,1975,2.1,5970
1587,858,Uruguay,1985,1.1,3297
1588,858,Uruguay,1995,1.4,4591
1589,858,Uruguay,2005,1.7,5776
1590,858,Uruguay,2010,1.9,6388
1591,858,Uruguay,2012,2.6,8694
1592,858,Uruguay,2013,2.2,7587
1593,858,Uruguay,2014,2.0,6747
1594,860,Uzbekistan,1995,4.5,103435
1595,860,Uzbekistan,2005,4.5,117249
1596,860,Uzbekistan,2010,3.7,104168
1597,860,Uzbekistan,2012,4.0,115815
1598,860,Uzbekistan,2013,3.6,103354
1599,860,Uzbekistan,2014,3.6,105214
1600,548,Vanuatu,1975,0.6,55
1601,548,Vanuatu,1985,1.0,121
1602,548,Vanuatu,1995,0.4,66
1603,548,Vanuatu,2005,0.3,59
1604,548,Vanuatu,2010,0.5,121
1605,548,Vanuatu,2012,0.5,114
1606,548,Vanuatu,2013,0.4,106
1607,548,Vanuatu,2014,0.6,154
1608,862,Venezuela (Boliv. Rep. of),1975,5.0,63817
1609,862,Venezuela (Boliv. Rep. of),1985,5.9,101279
1610,862,Venezuela (Boliv. Rep. of),1995,6.1,133350
1611,862,Venezuela (Boliv. Rep. of),2005,6.2,165096
1612,862,Venezuela (Boliv. Rep. of),2010,6.5,189071
1613,862,Venezuela (Boliv. Rep. of),2012,6.7,198766
1614,862,Venezuela (Boliv. Rep. of),2013,6.1,183922
1615,862,Venezuela (Boliv. Rep. of),2014,6.1,185220
1616,704,Viet Nam,1975,0.4,21800
1617,704,Viet Nam,1985,0.4,21166
1618,704,Viet Nam,1995,0.4,29090
1619,704,Viet Nam,2005,1.2,98144
1620,704,Viet Nam,2010,1.6,142738
1621,704,Viet Nam,2012,1.6,142221
1622,704,Viet Nam,2013,1.6,147230
1623,704,Viet Nam,2014,1.8,166911
1629,887,Yemen,1995,0.7,10466
1630,887,Yemen,2005,1.0,20044
1631,887,Yemen,2010,1.0,23432
1632,887,Yemen,2012,0.7,18669
1633,887,Yemen,2013,1.0,25497
1634,887,Yemen,2014,0.9,22699
1635,894,Zambia,1975,0.8,4081
1636,894,Zambia,1985,0.4,2754
1637,894,Zambia,1995,0.3,2171
1638,894,Zambia,2005,0.2,2288
1639,894,Zambia,2010,0.2,2692
1640,894,Zambia,2012,0.3,3667
1641,894,Zambia,2013,0.3,3957
1642,894,Zambia,2014,0.3,4503
1643,716,Zimbabwe,1975,1.4,8320
1644,716,Zimbabwe,1985,1.2,10264
1645,716,Zimbabwe,1995,1.3,15130
1646,716,Zimbabwe,2005,0.8,10770
1647,716,Zimbabwe,2010,0.6,7778
1648,716,Zimbabwe,2012,0.6,7792
1649,716,Zimbabwe,2013,0.8,11676
1650,716,Zimbabwe,2014,0.8,12020
